slug,player,agent,map,role,timestamp_s,distance_pct,confidence,smoke
1000-iq-cypher-c9-oxy-cypher-valorant-ranked-gameplay,oxy,cypher,,non-duelist,63.6,10.52,0.682,False
1000-iq-cypher-c9-oxy-cypher-valorant-ranked-gameplay,oxy,cypher,,non-duelist,69.33,0.49,0.512,True
1000-iq-cypher-c9-oxy-cypher-valorant-ranked-gameplay,oxy,cypher,,non-duelist,73.5,3.95,0.546,True
1000-iq-cypher-c9-oxy-cypher-valorant-ranked-gameplay,oxy,cypher,,non-duelist,74.8,44.69,0.5,False
1000-iq-cypher-c9-oxy-cypher-valorant-ranked-gameplay,oxy,cypher,,non-duelist,240.43,0.32,0.484,True
1000-iq-cypher-c9-oxy-cypher-valorant-ranked-gameplay,oxy,cypher,,non-duelist,245.3,0.75,0.434,False
1000-iq-cypher-c9-oxy-cypher-valorant-ranked-gameplay,oxy,cypher,,non-duelist,314.43,4.13,0.631,True
1000-iq-cypher-c9-oxy-cypher-valorant-ranked-gameplay,oxy,cypher,,non-duelist,374.67,0.25,0.403,False
1000-iq-cypher-c9-oxy-cypher-valorant-ranked-gameplay,oxy,cypher,,non-duelist,384.43,4.84,0.516,False
1000-iq-cypher-c9-oxy-cypher-valorant-ranked-gameplay,oxy,cypher,,non-duelist,394.97,0.26,0.42,False
1000-iq-cypher-c9-oxy-cypher-valorant-ranked-gameplay,oxy,cypher,,non-duelist,401.27,16.29,0.431,True
1000-iq-cypher-c9-oxy-cypher-valorant-ranked-gameplay,oxy,cypher,,non-duelist,408.67,5.13,0.679,True
1000-iq-cypher-c9-oxy-cypher-valorant-ranked-gameplay,oxy,cypher,,non-duelist,412.3,7.81,0.744,False
1000-iq-cypher-c9-oxy-cypher-valorant-ranked-gameplay,oxy,cypher,,non-duelist,453.83,2.06,0.437,False
1000-iq-cypher-c9-oxy-cypher-valorant-ranked-gameplay,oxy,cypher,,non-duelist,573.33,1.23,0.401,True
1000-iq-cypher-c9-oxy-cypher-valorant-ranked-gameplay,oxy,cypher,,non-duelist,581.57,21.89,0.568,True
1000-iq-cypher-c9-oxy-cypher-valorant-ranked-gameplay,oxy,cypher,,non-duelist,633.77,2.43,0.517,False
1000-iq-cypher-c9-oxy-cypher-valorant-ranked-gameplay,oxy,cypher,,non-duelist,677.4,3.18,0.509,False
1000-iq-cypher-c9-oxy-cypher-valorant-ranked-gameplay,oxy,cypher,,non-duelist,896.23,8.48,0.532,True
1000-iq-cypher-c9-oxy-cypher-valorant-ranked-gameplay,oxy,cypher,,non-duelist,905.67,0.7,0.54,False
1000-iq-cypher-c9-oxy-cypher-valorant-ranked-gameplay,oxy,cypher,,non-duelist,964.77,1.76,0.453,True
1000-iq-cypher-c9-oxy-cypher-valorant-ranked-gameplay,oxy,cypher,,non-duelist,969.77,1.98,0.428,False
1000-iq-cypher-c9-oxy-cypher-valorant-ranked-gameplay,oxy,cypher,,non-duelist,980.17,2.72,0.404,False
1000-iq-cypher-c9-oxy-cypher-valorant-ranked-gameplay,oxy,cypher,,non-duelist,1032.13,40.56,0.47,False
1000-iq-cypher-c9-oxy-cypher-valorant-ranked-gameplay,oxy,cypher,,non-duelist,1141.1,0.5,0.422,False
1000-iq-cypher-c9-oxy-cypher-valorant-ranked-gameplay,oxy,cypher,,non-duelist,1155.7,8.5,0.825,True
1000-iq-cypher-c9-oxy-cypher-valorant-ranked-gameplay,oxy,cypher,,non-duelist,1157.53,1.84,0.519,True
1000-iq-cypher-c9-oxy-cypher-valorant-ranked-gameplay,oxy,cypher,,non-duelist,1232.63,2.64,0.614,False
1000-iq-cypher-c9-oxy-cypher-valorant-ranked-gameplay,oxy,cypher,,non-duelist,1237.0,20.84,0.808,False
1000-iq-cypher-c9-oxy-cypher-valorant-ranked-gameplay,oxy,cypher,,non-duelist,1284.03,2.67,0.77,False
1000-iq-cypher-c9-oxy-cypher-valorant-ranked-gameplay,oxy,cypher,,non-duelist,1291.57,0.46,0.552,False
1000-iq-cypher-c9-oxy-cypher-valorant-ranked-gameplay,oxy,cypher,,non-duelist,1292.97,13.03,0.485,False
1000-iq-cypher-c9-oxy-cypher-valorant-ranked-gameplay,oxy,cypher,,non-duelist,1302.93,1.72,0.444,False
1000-iq-cypher-c9-oxy-cypher-valorant-ranked-gameplay,oxy,cypher,,non-duelist,1303.97,2.26,0.454,True
1000-iq-cypher-c9-oxy-cypher-valorant-ranked-gameplay,oxy,cypher,,non-duelist,1323.0,0.42,0.565,True
1000-iq-cypher-c9-oxy-cypher-valorant-ranked-gameplay,oxy,cypher,,non-duelist,1398.47,1.13,0.414,True
1000-iq-cypher-c9-oxy-cypher-valorant-ranked-gameplay,oxy,cypher,,non-duelist,1438.93,13.3,0.617,False
1000-iq-cypher-c9-oxy-cypher-valorant-ranked-gameplay,oxy,cypher,,non-duelist,1531.23,2.09,0.412,True
1000-iq-cypher-c9-oxy-cypher-valorant-ranked-gameplay,oxy,cypher,,non-duelist,1542.4,0.21,0.519,False
1000-iq-cypher-c9-oxy-cypher-valorant-ranked-gameplay,oxy,cypher,,non-duelist,1692.9,3.78,0.412,False
1000-iq-cypher-c9-oxy-cypher-valorant-ranked-gameplay,oxy,cypher,,non-duelist,1696.0,4.27,0.742,False
1000-iq-cypher-c9-oxy-cypher-valorant-ranked-gameplay,oxy,cypher,,non-duelist,1700.77,27.56,0.566,False
1000-iq-cypher-c9-oxy-cypher-valorant-ranked-gameplay,oxy,cypher,,non-duelist,1706.97,17.87,0.66,False
1000-iq-cypher-c9-oxy-cypher-valorant-ranked-gameplay,oxy,cypher,,non-duelist,1798.97,1.26,0.511,False
1000-iq-cypher-c9-oxy-cypher-valorant-ranked-gameplay,oxy,cypher,,non-duelist,1803.0,5.83,0.512,False
1000-iq-cypher-c9-oxy-cypher-valorant-ranked-gameplay,oxy,cypher,,non-duelist,1883.43,0.38,0.404,True
1000-iq-cypher-c9-oxy-cypher-valorant-ranked-gameplay,oxy,cypher,,non-duelist,1932.57,11.74,0.608,True
1000-iq-cypher-c9-oxy-cypher-valorant-ranked-gameplay,oxy,cypher,,non-duelist,1937.17,5.39,0.496,True
1000-iq-cypher-c9-oxy-cypher-valorant-ranked-gameplay,oxy,cypher,,non-duelist,1939.3,28.84,0.855,True
1000-iq-cypher-c9-oxy-cypher-valorant-ranked-gameplay,oxy,cypher,,non-duelist,1943.33,4.44,0.868,True
1000-iq-cypher-c9-oxy-cypher-valorant-ranked-gameplay,oxy,cypher,,non-duelist,2006.57,0.45,0.421,False
1000-iq-cypher-c9-oxy-cypher-valorant-ranked-gameplay,oxy,cypher,,non-duelist,2016.57,43.15,0.642,False
1000-iq-cypher-c9-oxy-cypher-valorant-ranked-gameplay,oxy,cypher,,non-duelist,2021.07,5.93,0.431,False
1000-iq-cypher-c9-oxy-cypher-valorant-ranked-gameplay,oxy,cypher,,non-duelist,2025.87,2.28,0.446,False
1000-iq-cypher-c9-oxy-cypher-valorant-ranked-gameplay,oxy,cypher,,non-duelist,2033.23,4.78,0.812,True
1000-iq-cypher-c9-oxy-cypher-valorant-ranked-gameplay,oxy,cypher,,non-duelist,2159.97,5.73,0.52,True
1000-iq-cypher-c9-oxy-cypher-valorant-ranked-gameplay,oxy,cypher,,non-duelist,2161.0,1.49,0.478,True
1000-iq-cypher-c9-oxy-cypher-valorant-ranked-gameplay,oxy,cypher,,non-duelist,2169.03,16.98,0.584,False
1000-iq-cypher-c9-oxy-cypher-valorant-ranked-gameplay,oxy,cypher,,non-duelist,2171.03,0.79,0.485,False
1000-iq-cypher-c9-oxy-cypher-valorant-ranked-gameplay,oxy,cypher,,non-duelist,2199.9,0.24,0.476,True
1000-iq-cypher-c9-oxy-cypher-valorant-ranked-gameplay,oxy,cypher,,non-duelist,2204.1,1.43,0.473,False
1000-iq-cypher-c9-oxy-cypher-valorant-ranked-gameplay,oxy,cypher,,non-duelist,2274.93,25.7,0.725,False
1000-iq-cypher-c9-oxy-cypher-valorant-ranked-gameplay,oxy,cypher,,non-duelist,2364.6,0.54,0.44,False
1000-iq-cypher-c9-oxy-cypher-valorant-ranked-gameplay,oxy,cypher,,non-duelist,2368.6,15.29,0.538,True
1000-iq-cypher-c9-oxy-cypher-valorant-ranked-gameplay,oxy,cypher,,non-duelist,2380.97,4.32,0.753,False
1000-iq-cypher-c9-oxy-cypher-valorant-ranked-gameplay,oxy,cypher,,non-duelist,2431.37,14.92,0.546,False
1000-iq-cypher-c9-oxy-cypher-valorant-ranked-gameplay,oxy,cypher,,non-duelist,2437.07,0.42,0.423,False
1000-iq-cypher-c9-oxy-cypher-valorant-ranked-gameplay,oxy,cypher,,non-duelist,2447.6,15.18,0.612,False
1000-iq-cypher-c9-oxy-cypher-valorant-ranked-gameplay,oxy,cypher,,non-duelist,2464.63,5.7,0.738,False
1000-iq-cypher-c9-oxy-cypher-valorant-ranked-gameplay,oxy,cypher,,non-duelist,2513.8,0.54,0.406,False
1000-iq-cypher-c9-oxy-cypher-valorant-ranked-gameplay,oxy,cypher,,non-duelist,2534.17,8.11,0.553,False
1000-iq-cypher-c9-oxy-cypher-valorant-ranked-gameplay,oxy,cypher,,non-duelist,2580.23,0.83,0.565,False
1000-iq-cypher-c9-oxy-cypher-valorant-ranked-gameplay,oxy,cypher,,non-duelist,2582.13,13.95,0.744,False
1000-iq-cypher-c9-oxy-cypher-valorant-ranked-gameplay,oxy,cypher,,non-duelist,2658.0,17.84,0.723,False
1000-iq-cypher-c9-oxy-cypher-valorant-ranked-gameplay,oxy,cypher,,non-duelist,2798.07,28.28,0.623,True
1000-iq-cypher-c9-oxy-cypher-valorant-ranked-gameplay,oxy,cypher,,non-duelist,2809.13,1.91,0.544,True
1000-iq-cypher-c9-oxy-cypher-valorant-ranked-gameplay,oxy,cypher,,non-duelist,2826.93,0.45,0.464,False
1000-iq-cypher-c9-oxy-cypher-valorant-ranked-gameplay,oxy,cypher,,non-duelist,2827.8,1.91,0.504,False
100t-asuna-pov-raze-on-split-valorant-ranked-gameplay,asuna,raze,split,duelist,28.43,4.01,0.637,False
100t-asuna-pov-raze-on-split-valorant-ranked-gameplay,asuna,raze,split,duelist,117.47,0.45,0.442,True
100t-asuna-pov-raze-on-split-valorant-ranked-gameplay,asuna,raze,split,duelist,250.1,4.06,0.811,False
100t-asuna-pov-raze-on-split-valorant-ranked-gameplay,asuna,raze,split,duelist,709.03,4.04,0.656,True
100t-asuna-pov-raze-on-split-valorant-ranked-gameplay,asuna,raze,split,duelist,795.4,4.74,0.521,True
100t-asuna-pov-raze-on-split-valorant-ranked-gameplay,asuna,raze,split,duelist,953.73,0.73,0.579,False
100t-asuna-pov-raze-on-split-valorant-ranked-gameplay,asuna,raze,split,duelist,1025.47,2.41,0.514,False
100t-asuna-pov-raze-on-split-valorant-ranked-gameplay,asuna,raze,split,duelist,1186.0,3.18,0.498,False
100t-asuna-pov-raze-on-split-valorant-ranked-gameplay,asuna,raze,split,duelist,1188.47,13.46,0.482,False
100t-asuna-pov-raze-on-split-valorant-ranked-gameplay,asuna,raze,split,duelist,1344.57,2.35,0.557,False
100t-asuna-pov-raze-on-split-valorant-ranked-gameplay,asuna,raze,split,duelist,1412.23,0.51,0.442,False
100t-asuna-pov-raze-on-split-valorant-ranked-gameplay,asuna,raze,split,duelist,1412.8,3.04,0.432,False
100t-asuna-pov-raze-on-split-valorant-ranked-gameplay,asuna,raze,split,duelist,1416.2,16.12,0.65,False
100t-asuna-pov-raze-on-split-valorant-ranked-gameplay,asuna,raze,split,duelist,1483.9,5.39,0.661,False
100t-asuna-pov-raze-on-split-valorant-ranked-gameplay,asuna,raze,split,duelist,1615.47,0.68,0.592,False
100t-asuna-pov-raze-on-split-valorant-ranked-gameplay,asuna,raze,split,duelist,1708.1,4.74,0.474,True
100t-asuna-pov-raze-on-split-valorant-ranked-gameplay,asuna,raze,split,duelist,1767.0,13.19,0.626,False
100t-asuna-pro-raze-valorant-ranked-gameplay-mvp-full-match-vod,asuna,raze,,duelist,186.73,0.39,0.448,False
100t-asuna-pro-raze-valorant-ranked-gameplay-mvp-full-match-vod,asuna,raze,,duelist,273.03,9.84,0.745,True
100t-asuna-pro-raze-valorant-ranked-gameplay-mvp-full-match-vod,asuna,raze,,duelist,677.17,0.31,0.514,False
100t-asuna-pro-raze-valorant-ranked-gameplay-mvp-full-match-vod,asuna,raze,,duelist,867.2,3.89,0.777,False
100t-asuna-pro-raze-valorant-ranked-gameplay-mvp-full-match-vod,asuna,raze,,duelist,870.83,7.11,0.582,False
100t-asuna-pro-raze-valorant-ranked-gameplay-mvp-full-match-vod,asuna,raze,,duelist,1507.57,5.06,0.666,True
100t-asuna-pro-raze-valorant-ranked-gameplay-mvp-full-match-vod,asuna,raze,,duelist,1588.0,2.78,0.58,True
100t-asuna-pro-raze-valorant-ranked-gameplay-mvp-full-match-vod,asuna,raze,,duelist,1588.97,4.07,0.678,True
100t-cryo-s-phoenix-is-amazing-valorant-ranked-gameplay,cryo,phoenix,,duelist,51.1,1.86,0.494,True
100t-cryo-s-phoenix-is-amazing-valorant-ranked-gameplay,cryo,phoenix,,duelist,98.53,1.89,0.688,False
100t-cryo-s-phoenix-is-amazing-valorant-ranked-gameplay,cryo,phoenix,,duelist,174.17,1.69,0.704,True
100t-cryo-s-phoenix-is-amazing-valorant-ranked-gameplay,cryo,phoenix,,duelist,225.9,1.21,0.588,True
100t-cryo-s-phoenix-is-amazing-valorant-ranked-gameplay,cryo,phoenix,,duelist,795.63,6.75,0.671,True
100t-cryo-s-phoenix-is-amazing-valorant-ranked-gameplay,cryo,phoenix,,duelist,858.4,6.84,0.404,True
100t-cryo-s-phoenix-is-amazing-valorant-ranked-gameplay,cryo,phoenix,,duelist,984.73,2.08,0.749,True
100t-cryo-s-phoenix-is-amazing-valorant-ranked-gameplay,cryo,phoenix,,duelist,1078.33,1.0,0.7,False
100t-cryo-s-phoenix-is-amazing-valorant-ranked-gameplay,cryo,phoenix,,duelist,1095.2,1.1,0.703,True
100t-cryo-s-phoenix-is-amazing-valorant-ranked-gameplay,cryo,phoenix,,duelist,1140.13,3.34,0.662,False
100t-cryo-s-phoenix-is-amazing-valorant-ranked-gameplay,cryo,phoenix,,duelist,1568.77,0.5,0.414,False
100t-cryo-s-phoenix-is-amazing-valorant-ranked-gameplay,cryo,phoenix,,duelist,1793.53,4.55,0.763,False
100t-cryo-s-phoenix-is-amazing-valorant-ranked-gameplay,cryo,phoenix,,duelist,1817.1,8.54,0.526,False
100t-cryo-s-phoenix-is-amazing-valorant-ranked-gameplay,cryo,phoenix,,duelist,1822.6,0.54,0.516,True
100t-cryo-s-phoenix-is-amazing-valorant-ranked-gameplay,cryo,phoenix,,duelist,2120.27,7.82,0.652,False
100t-cryo-viper-god-plays-mvp-valorant-ranked-gameplay,cryo,viper,,non-duelist,17.13,2.29,0.615,True
100t-cryo-viper-god-plays-mvp-valorant-ranked-gameplay,cryo,viper,,non-duelist,109.93,2.86,0.774,False
100t-cryo-viper-god-plays-mvp-valorant-ranked-gameplay,cryo,viper,,non-duelist,201.63,1.83,0.438,True
100t-cryo-viper-god-plays-mvp-valorant-ranked-gameplay,cryo,viper,,non-duelist,370.7,2.75,0.409,True
100t-cryo-viper-god-plays-mvp-valorant-ranked-gameplay,cryo,viper,,non-duelist,571.27,1.46,0.586,False
100t-cryo-viper-god-plays-mvp-valorant-ranked-gameplay,cryo,viper,,non-duelist,969.9,0.87,0.629,False
100t-cryo-viper-god-plays-mvp-valorant-ranked-gameplay,cryo,viper,,non-duelist,1061.97,1.8,0.488,True
100t-cryo-viper-god-plays-mvp-valorant-ranked-gameplay,cryo,viper,,non-duelist,1519.5,0.71,0.537,True
100t-cryo-viper-god-plays-mvp-valorant-ranked-gameplay,cryo,viper,,non-duelist,1590.0,1.27,0.777,False
100t-cryo-viper-god-plays-mvp-valorant-ranked-gameplay,cryo,viper,,non-duelist,1601.17,1.34,0.571,True
100t-cryo-viper-god-plays-mvp-valorant-ranked-gameplay,cryo,viper,,non-duelist,1653.97,1.19,0.463,True
100t-cryo-viper-god-plays-mvp-valorant-ranked-gameplay,cryo,viper,,non-duelist,1749.07,6.45,0.615,True
100t-cryo-viper-god-plays-mvp-valorant-ranked-gameplay,cryo,viper,,non-duelist,1834.27,1.79,0.709,False
13-0-envy-ion-insane-clove-valorant-ranked,ion,clove,,non-duelist,39.93,1.44,0.744,False
13-0-envy-ion-insane-clove-valorant-ranked,ion,clove,,non-duelist,41.2,2.22,0.508,True
13-0-envy-ion-insane-clove-valorant-ranked,ion,clove,,non-duelist,43.1,0.93,0.459,False
13-0-envy-ion-insane-clove-valorant-ranked,ion,clove,,non-duelist,167.67,0.51,0.552,True
13-0-envy-ion-insane-clove-valorant-ranked,ion,clove,,non-duelist,310.03,8.16,0.714,True
13-0-envy-ion-insane-clove-valorant-ranked,ion,clove,,non-duelist,655.8,3.45,0.664,True
13-0-envy-ion-insane-clove-valorant-ranked,ion,clove,,non-duelist,738.77,8.56,0.679,True
13-0-envy-ion-insane-clove-valorant-ranked,ion,clove,,non-duelist,791.63,2.04,0.68,False
13-0-envy-ion-insane-clove-valorant-ranked,ion,clove,,non-duelist,797.4,0.38,0.407,True
13-0-envy-ion-insane-clove-valorant-ranked,ion,clove,,non-duelist,857.73,2.01,0.734,True
13-0-envy-ion-insane-clove-valorant-ranked,ion,clove,,non-duelist,937.5,3.29,0.697,True
28-kills-insane-yoru-flanks-by-demon1-valorant-ranked-gameplay,demon1,yoru,,duelist,86.5,13.44,0.725,False
28-kills-insane-yoru-flanks-by-demon1-valorant-ranked-gameplay,demon1,yoru,,duelist,91.33,0.48,0.468,False
28-kills-insane-yoru-flanks-by-demon1-valorant-ranked-gameplay,demon1,yoru,,duelist,93.3,0.35,0.623,False
28-kills-insane-yoru-flanks-by-demon1-valorant-ranked-gameplay,demon1,yoru,,duelist,139.1,3.66,0.742,True
28-kills-insane-yoru-flanks-by-demon1-valorant-ranked-gameplay,demon1,yoru,,duelist,362.5,7.11,0.415,False
28-kills-insane-yoru-flanks-by-demon1-valorant-ranked-gameplay,demon1,yoru,,duelist,365.93,14.11,0.419,False
28-kills-insane-yoru-flanks-by-demon1-valorant-ranked-gameplay,demon1,yoru,,duelist,367.4,1.76,0.472,False
28-kills-insane-yoru-flanks-by-demon1-valorant-ranked-gameplay,demon1,yoru,,duelist,392.6,7.38,0.773,False
28-kills-insane-yoru-flanks-by-demon1-valorant-ranked-gameplay,demon1,yoru,,duelist,397.37,16.5,0.649,False
28-kills-insane-yoru-flanks-by-demon1-valorant-ranked-gameplay,demon1,yoru,,duelist,405.27,3.12,0.633,False
28-kills-insane-yoru-flanks-by-demon1-valorant-ranked-gameplay,demon1,yoru,,duelist,410.53,1.78,0.582,False
28-kills-insane-yoru-flanks-by-demon1-valorant-ranked-gameplay,demon1,yoru,,duelist,510.73,5.97,0.509,False
28-kills-insane-yoru-flanks-by-demon1-valorant-ranked-gameplay,demon1,yoru,,duelist,543.97,7.75,0.482,False
28-kills-insane-yoru-flanks-by-demon1-valorant-ranked-gameplay,demon1,yoru,,duelist,702.27,6.89,0.791,False
28-kills-insane-yoru-flanks-by-demon1-valorant-ranked-gameplay,demon1,yoru,,duelist,717.4,6.15,0.658,False
28-kills-insane-yoru-flanks-by-demon1-valorant-ranked-gameplay,demon1,yoru,,duelist,737.53,1.98,0.668,False
28-kills-insane-yoru-flanks-by-demon1-valorant-ranked-gameplay,demon1,yoru,,duelist,876.97,3.16,0.528,False
28-kills-insane-yoru-flanks-by-demon1-valorant-ranked-gameplay,demon1,yoru,,duelist,1276.77,0.49,0.421,False
28-kills-insane-yoru-flanks-by-demon1-valorant-ranked-gameplay,demon1,yoru,,duelist,1452.77,6.86,0.617,False
28-kills-insane-yoru-flanks-by-demon1-valorant-ranked-gameplay,demon1,yoru,,duelist,1598.13,2.06,0.558,False
28-kills-insane-yoru-flanks-by-demon1-valorant-ranked-gameplay,demon1,yoru,,duelist,1599.27,0.48,0.407,False
28-kills-insane-yoru-flanks-by-demon1-valorant-ranked-gameplay,demon1,yoru,,duelist,1600.27,0.78,0.433,False
28-kills-insane-yoru-flanks-by-demon1-valorant-ranked-gameplay,demon1,yoru,,duelist,1601.83,0.71,0.592,False
28-kills-insane-yoru-flanks-by-demon1-valorant-ranked-gameplay,demon1,yoru,,duelist,1675.67,4.4,0.539,False
28-kills-insane-yoru-flanks-by-demon1-valorant-ranked-gameplay,demon1,yoru,,duelist,1713.33,0.86,0.808,True
28-kills-insane-yoru-flanks-by-demon1-valorant-ranked-gameplay,demon1,yoru,,duelist,1838.07,7.9,0.735,False
28-kills-insane-yoru-flanks-by-demon1-valorant-ranked-gameplay,demon1,yoru,,duelist,1932.6,12.05,0.494,False
28-kills-insane-yoru-flanks-by-demon1-valorant-ranked-gameplay,demon1,yoru,,duelist,2037.17,17.82,0.632,False
28-kills-insane-yoru-flanks-by-demon1-valorant-ranked-gameplay,demon1,yoru,,duelist,2120.57,1.81,0.489,False
28-kills-insane-yoru-flanks-by-demon1-valorant-ranked-gameplay,demon1,yoru,,duelist,2123.87,3.24,0.422,False
28-kills-insane-yoru-flanks-by-demon1-valorant-ranked-gameplay,demon1,yoru,,duelist,2198.07,23.5,0.723,False
28-kills-insane-yoru-flanks-by-demon1-valorant-ranked-gameplay,demon1,yoru,,duelist,2200.37,2.29,0.708,False
28-kills-insane-yoru-flanks-by-demon1-valorant-ranked-gameplay,demon1,yoru,,duelist,2209.0,3.72,0.71,False
28-kills-insane-yoru-flanks-by-demon1-valorant-ranked-gameplay,demon1,yoru,,duelist,2212.2,2.47,0.486,False
28-kills-insane-yoru-flanks-by-demon1-valorant-ranked-gameplay,demon1,yoru,,duelist,2227.17,3.61,0.744,False
28-kills-insane-yoru-flanks-by-demon1-valorant-ranked-gameplay,demon1,yoru,,duelist,2234.43,4.74,0.688,False
28-kills-insane-yoru-flanks-by-demon1-valorant-ranked-gameplay,demon1,yoru,,duelist,2323.9,1.2,0.451,False
28-kills-insane-yoru-flanks-by-demon1-valorant-ranked-gameplay,demon1,yoru,,duelist,2327.3,1.69,0.468,False
28-kills-insane-yoru-flanks-by-demon1-valorant-ranked-gameplay,demon1,yoru,,duelist,2361.6,3.35,0.536,False
30-elims-his-aim-is-unbeatable-mibr-zekken-chamber-gameplay,zekken,chamber,,non-duelist,34.93,10.93,0.608,False
30-elims-his-aim-is-unbeatable-mibr-zekken-chamber-gameplay,zekken,chamber,,non-duelist,38.23,3.3,0.412,True
30-elims-his-aim-is-unbeatable-mibr-zekken-chamber-gameplay,zekken,chamber,,non-duelist,48.6,13.44,0.735,False
30-elims-his-aim-is-unbeatable-mibr-zekken-chamber-gameplay,zekken,chamber,,non-duelist,106.6,15.75,0.594,False
30-elims-his-aim-is-unbeatable-mibr-zekken-chamber-gameplay,zekken,chamber,,non-duelist,475.93,26.25,0.56,False
30-elims-his-aim-is-unbeatable-mibr-zekken-chamber-gameplay,zekken,chamber,,non-duelist,493.87,2.93,0.759,False
30-elims-his-aim-is-unbeatable-mibr-zekken-chamber-gameplay,zekken,chamber,,non-duelist,503.33,0.96,0.418,False
30-elims-his-aim-is-unbeatable-mibr-zekken-chamber-gameplay,zekken,chamber,,non-duelist,571.53,11.71,0.431,False
30-elims-his-aim-is-unbeatable-mibr-zekken-chamber-gameplay,zekken,chamber,,non-duelist,658.4,1.8,0.424,False
30-elims-his-aim-is-unbeatable-mibr-zekken-chamber-gameplay,zekken,chamber,,non-duelist,738.43,13.33,0.817,True
30-elims-his-aim-is-unbeatable-mibr-zekken-chamber-gameplay,zekken,chamber,,non-duelist,882.07,20.94,0.716,False
30-elims-his-aim-is-unbeatable-mibr-zekken-chamber-gameplay,zekken,chamber,,non-duelist,952.73,16.29,0.656,True
30-elims-his-aim-is-unbeatable-mibr-zekken-chamber-gameplay,zekken,chamber,,non-duelist,960.17,1.18,0.676,True
30-elims-his-aim-is-unbeatable-mibr-zekken-chamber-gameplay,zekken,chamber,,non-duelist,1003.93,15.87,0.535,False
30-elims-his-aim-is-unbeatable-mibr-zekken-chamber-gameplay,zekken,chamber,,non-duelist,1147.07,2.68,0.538,False
30-elims-his-aim-is-unbeatable-mibr-zekken-chamber-gameplay,zekken,chamber,,non-duelist,1162.6,0.29,0.581,False
30-elims-his-aim-is-unbeatable-mibr-zekken-chamber-gameplay,zekken,chamber,,non-duelist,1305.33,0.71,0.516,True
30-elims-his-aim-is-unbeatable-mibr-zekken-chamber-gameplay,zekken,chamber,,non-duelist,1436.5,7.26,0.487,False
30-elims-his-aim-is-unbeatable-mibr-zekken-chamber-gameplay,zekken,chamber,,non-duelist,1627.53,10.2,0.518,True
30-elims-his-aim-is-unbeatable-mibr-zekken-chamber-gameplay,zekken,chamber,,non-duelist,1628.63,4.78,0.497,True
30-elims-his-aim-is-unbeatable-mibr-zekken-chamber-gameplay,zekken,chamber,,non-duelist,1707.33,0.45,0.423,False
30-elims-his-aim-is-unbeatable-mibr-zekken-chamber-gameplay,zekken,chamber,,non-duelist,1857.0,21.26,0.8,False
30-elims-his-aim-is-unbeatable-mibr-zekken-chamber-gameplay,zekken,chamber,,non-duelist,1862.77,6.76,0.585,False
30-elims-his-aim-is-unbeatable-mibr-zekken-chamber-gameplay,zekken,chamber,,non-duelist,1919.33,14.64,0.469,False
30-elims-his-aim-is-unbeatable-mibr-zekken-chamber-gameplay,zekken,chamber,,non-duelist,1922.83,7.6,0.433,False
30-elims-his-aim-is-unbeatable-mibr-zekken-chamber-gameplay,zekken,chamber,,non-duelist,2090.0,4.03,0.705,False
30-elims-his-aim-is-unbeatable-mibr-zekken-chamber-gameplay,zekken,chamber,,non-duelist,2109.5,5.3,0.497,False
30-kills-mvp-c9-oxy-jett-valorant-radiant-gameplay-full-match-vod,oxy,jett,,duelist,8.53,0.66,0.48,False
30-kills-mvp-c9-oxy-jett-valorant-radiant-gameplay-full-match-vod,oxy,jett,,duelist,28.5,6.56,0.648,False
30-kills-mvp-c9-oxy-jett-valorant-radiant-gameplay-full-match-vod,oxy,jett,,duelist,30.9,0.82,0.612,True
30-kills-mvp-c9-oxy-jett-valorant-radiant-gameplay-full-match-vod,oxy,jett,,duelist,126.43,15.52,0.728,True
30-kills-mvp-c9-oxy-jett-valorant-radiant-gameplay-full-match-vod,oxy,jett,,duelist,193.2,1.02,0.561,True
30-kills-mvp-c9-oxy-jett-valorant-radiant-gameplay-full-match-vod,oxy,jett,,duelist,241.63,4.76,0.483,False
30-kills-mvp-c9-oxy-jett-valorant-radiant-gameplay-full-match-vod,oxy,jett,,duelist,256.17,2.19,0.477,True
30-kills-mvp-c9-oxy-jett-valorant-radiant-gameplay-full-match-vod,oxy,jett,,duelist,446.13,0.55,0.405,False
30-kills-mvp-c9-oxy-jett-valorant-radiant-gameplay-full-match-vod,oxy,jett,,duelist,452.23,2.9,0.589,False
30-kills-mvp-c9-oxy-jett-valorant-radiant-gameplay-full-match-vod,oxy,jett,,duelist,520.43,3.11,0.575,True
30-kills-mvp-c9-oxy-jett-valorant-radiant-gameplay-full-match-vod,oxy,jett,,duelist,620.33,1.36,0.526,True
30-kills-mvp-c9-oxy-jett-valorant-radiant-gameplay-full-match-vod,oxy,jett,,duelist,798.8,0.61,0.427,True
30-kills-mvp-c9-oxy-jett-valorant-radiant-gameplay-full-match-vod,oxy,jett,,duelist,874.07,4.63,0.504,True
30-kills-mvp-c9-oxy-jett-valorant-radiant-gameplay-full-match-vod,oxy,jett,,duelist,875.17,0.76,0.429,True
30-kills-mvp-c9-oxy-jett-valorant-radiant-gameplay-full-match-vod,oxy,jett,,duelist,901.03,1.44,0.44,True
30-kills-mvp-c9-oxy-jett-valorant-radiant-gameplay-full-match-vod,oxy,jett,,duelist,1053.6,2.67,0.447,True
30-kills-mvp-c9-oxy-jett-valorant-radiant-gameplay-full-match-vod,oxy,jett,,duelist,1079.87,9.16,0.572,True
30-kills-mvp-c9-oxy-jett-valorant-radiant-gameplay-full-match-vod,oxy,jett,,duelist,1132.8,2.08,0.491,True
30-kills-mvp-c9-oxy-jett-valorant-radiant-gameplay-full-match-vod,oxy,jett,,duelist,1154.8,12.96,0.545,True
30-kills-mvp-c9-oxy-jett-valorant-radiant-gameplay-full-match-vod,oxy,jett,,duelist,1344.2,0.3,0.439,True
30-kills-mvp-c9-oxy-jett-valorant-radiant-gameplay-full-match-vod,oxy,jett,,duelist,1348.03,32.07,0.501,False
30-kills-mvp-c9-oxy-jett-valorant-radiant-gameplay-full-match-vod,oxy,jett,,duelist,1351.9,1.63,0.465,True
30-kills-mvp-c9-oxy-jett-valorant-radiant-gameplay-full-match-vod,oxy,jett,,duelist,1356.57,14.12,0.796,True
30-kills-mvp-c9-oxy-jett-valorant-radiant-gameplay-full-match-vod,oxy,jett,,duelist,1366.3,0.61,0.401,False
30-kills-mvp-c9-oxy-jett-valorant-radiant-gameplay-full-match-vod,oxy,jett,,duelist,1370.57,7.36,0.551,False
30-kills-mvp-c9-oxy-jett-valorant-radiant-gameplay-full-match-vod,oxy,jett,,duelist,1373.83,0.83,0.485,False
30-kills-mvp-c9-oxy-jett-valorant-radiant-gameplay-full-match-vod,oxy,jett,,duelist,1377.9,0.31,0.562,False
30-kills-mvp-c9-oxy-jett-valorant-radiant-gameplay-full-match-vod,oxy,jett,,duelist,1596.67,0.7,0.454,False
30-kills-mvp-c9-oxy-jett-valorant-radiant-gameplay-full-match-vod,oxy,jett,,duelist,1717.43,36.97,0.614,True
30-kills-mvp-c9-oxy-jett-valorant-radiant-gameplay-full-match-vod,oxy,jett,,duelist,1768.4,10.09,0.42,True
30-kills-mvp-c9-oxy-jett-valorant-radiant-gameplay-full-match-vod,oxy,jett,,duelist,1769.57,2.05,0.691,True
30-kills-mvp-c9-oxy-jett-valorant-radiant-gameplay-full-match-vod,oxy,jett,,duelist,1771.5,13.63,0.439,True
30-kills-mvp-c9-oxy-jett-valorant-radiant-gameplay-full-match-vod,oxy,jett,,duelist,1828.47,29.37,0.658,True
30-kills-mvp-c9-oxy-jett-valorant-radiant-gameplay-full-match-vod,oxy,jett,,duelist,1906.87,3.41,0.531,True
30-kills-mvp-c9-oxy-jett-valorant-radiant-gameplay-full-match-vod,oxy,jett,,duelist,1907.93,6.97,0.653,False
30-kills-mvp-c9-oxy-jett-valorant-radiant-gameplay-full-match-vod,oxy,jett,,duelist,1934.7,15.84,0.644,True
30-kills-mvp-c9-oxy-jett-valorant-radiant-gameplay-full-match-vod,oxy,jett,,duelist,1988.77,2.88,0.426,False
30-kills-mvp-c9-oxy-jett-valorant-radiant-gameplay-full-match-vod,oxy,jett,,duelist,2053.07,2.02,0.662,False
30-kills-mvp-c9-oxy-jett-valorant-radiant-gameplay-full-match-vod,oxy,jett,,duelist,2166.4,5.27,0.794,True
30-kills-mvp-c9-oxy-jett-valorant-radiant-gameplay-full-match-vod,oxy,jett,,duelist,2167.5,48.14,0.666,True
30-kills-mvp-c9-oxy-jett-valorant-radiant-gameplay-full-match-vod,oxy,jett,,duelist,2472.63,4.48,0.501,True
30-kills-mvp-c9-oxy-jett-valorant-radiant-gameplay-full-match-vod,oxy,jett,,duelist,2476.23,14.31,0.447,True
30-kills-oxy-s-neon-is-a-speed-demon-valorant-radiant-ranked,oxy,neon,,duelist,24.37,35.81,0.43,False
30-kills-oxy-s-neon-is-a-speed-demon-valorant-radiant-ranked,oxy,neon,,duelist,160.6,4.46,0.453,True
30-kills-oxy-s-neon-is-a-speed-demon-valorant-radiant-ranked,oxy,neon,,duelist,170.33,4.69,0.681,True
30-kills-oxy-s-neon-is-a-speed-demon-valorant-radiant-ranked,oxy,neon,,duelist,177.47,23.82,0.485,True
30-kills-oxy-s-neon-is-a-speed-demon-valorant-radiant-ranked,oxy,neon,,duelist,301.73,0.89,0.588,True
30-kills-oxy-s-neon-is-a-speed-demon-valorant-radiant-ranked,oxy,neon,,duelist,307.3,7.34,0.766,True
30-kills-oxy-s-neon-is-a-speed-demon-valorant-radiant-ranked,oxy,neon,,duelist,322.17,1.82,0.609,False
30-kills-oxy-s-neon-is-a-speed-demon-valorant-radiant-ranked,oxy,neon,,duelist,379.27,0.82,0.528,True
30-kills-oxy-s-neon-is-a-speed-demon-valorant-radiant-ranked,oxy,neon,,duelist,381.97,2.26,0.69,False
30-kills-oxy-s-neon-is-a-speed-demon-valorant-radiant-ranked,oxy,neon,,duelist,450.97,49.05,0.639,False
30-kills-oxy-s-neon-is-a-speed-demon-valorant-radiant-ranked,oxy,neon,,duelist,453.27,1.0,0.447,True
30-kills-oxy-s-neon-is-a-speed-demon-valorant-radiant-ranked,oxy,neon,,duelist,575.7,0.94,0.406,False
30-kills-oxy-s-neon-is-a-speed-demon-valorant-radiant-ranked,oxy,neon,,duelist,642.53,0.65,0.504,False
30-kills-oxy-s-neon-is-a-speed-demon-valorant-radiant-ranked,oxy,neon,,duelist,647.93,0.39,0.434,True
30-kills-oxy-s-neon-is-a-speed-demon-valorant-radiant-ranked,oxy,neon,,duelist,707.37,4.81,0.535,False
30-kills-oxy-s-neon-is-a-speed-demon-valorant-radiant-ranked,oxy,neon,,duelist,773.87,20.77,0.443,True
30-kills-oxy-s-neon-is-a-speed-demon-valorant-radiant-ranked,oxy,neon,,duelist,844.37,1.03,0.488,False
30-kills-oxy-s-neon-is-a-speed-demon-valorant-radiant-ranked,oxy,neon,,duelist,849.93,4.75,0.482,True
30-kills-oxy-s-neon-is-a-speed-demon-valorant-radiant-ranked,oxy,neon,,duelist,850.83,0.22,0.464,True
30-kills-oxy-s-neon-is-a-speed-demon-valorant-radiant-ranked,oxy,neon,,duelist,865.6,3.51,0.459,False
30-kills-oxy-s-neon-is-a-speed-demon-valorant-radiant-ranked,oxy,neon,,duelist,868.0,0.36,0.407,False
30-kills-oxy-s-neon-is-a-speed-demon-valorant-radiant-ranked,oxy,neon,,duelist,929.07,8.92,0.738,True
30-kills-oxy-s-neon-is-a-speed-demon-valorant-radiant-ranked,oxy,neon,,duelist,930.27,0.91,0.491,True
30-kills-oxy-s-neon-is-a-speed-demon-valorant-radiant-ranked,oxy,neon,,duelist,931.07,0.37,0.479,True
30-kills-oxy-s-neon-is-a-speed-demon-valorant-radiant-ranked,oxy,neon,,duelist,933.3,5.56,0.67,True
30-kills-oxy-s-neon-is-a-speed-demon-valorant-radiant-ranked,oxy,neon,,duelist,1003.17,15.14,0.42,True
30-kills-oxy-s-neon-is-a-speed-demon-valorant-radiant-ranked,oxy,neon,,duelist,1005.4,1.97,0.577,False
30-kills-oxy-s-neon-is-a-speed-demon-valorant-radiant-ranked,oxy,neon,,duelist,1007.33,23.36,0.683,False
30-kills-oxy-s-neon-is-a-speed-demon-valorant-radiant-ranked,oxy,neon,,duelist,1013.5,7.39,0.644,True
30-kills-oxy-s-neon-is-a-speed-demon-valorant-radiant-ranked,oxy,neon,,duelist,1114.83,7.39,0.802,False
30-kills-oxy-s-neon-is-a-speed-demon-valorant-radiant-ranked,oxy,neon,,duelist,1117.1,1.13,0.69,True
30-kills-oxy-s-neon-is-a-speed-demon-valorant-radiant-ranked,oxy,neon,,duelist,1141.47,13.36,0.748,False
30-kills-oxy-s-neon-is-a-speed-demon-valorant-radiant-ranked,oxy,neon,,duelist,1195.43,7.92,0.548,False
30-kills-oxy-s-neon-is-a-speed-demon-valorant-radiant-ranked,oxy,neon,,duelist,1259.97,0.81,0.492,False
30-kills-oxy-s-neon-is-a-speed-demon-valorant-radiant-ranked,oxy,neon,,duelist,1261.43,5.86,0.793,False
30-kills-oxy-s-neon-is-a-speed-demon-valorant-radiant-ranked,oxy,neon,,duelist,1268.7,4.7,0.431,True
30-kills-oxy-s-neon-is-a-speed-demon-valorant-radiant-ranked,oxy,neon,,duelist,1386.73,1.33,0.421,True
30-kills-oxy-s-neon-is-a-speed-demon-valorant-radiant-ranked,oxy,neon,,duelist,1388.17,3.68,0.709,False
30-kills-oxy-s-neon-is-a-speed-demon-valorant-radiant-ranked,oxy,neon,,duelist,1390.7,3.07,0.579,True
30-kills-oxy-s-neon-is-a-speed-demon-valorant-radiant-ranked,oxy,neon,,duelist,1394.97,2.63,0.404,False
30-kills-oxy-s-neon-is-a-speed-demon-valorant-radiant-ranked,oxy,neon,,duelist,1517.17,10.07,0.639,True
30-kills-oxy-s-neon-is-a-speed-demon-valorant-radiant-ranked,oxy,neon,,duelist,1521.0,17.06,0.804,True
35-kills-mvp-envy-eggsterr-yoru-god-valorant-gameplay,eggsterr,yoru,,duelist,13.07,3.28,0.47,True
35-kills-mvp-envy-eggsterr-yoru-god-valorant-gameplay,eggsterr,yoru,,duelist,122.03,4.85,0.628,True
35-kills-mvp-envy-eggsterr-yoru-god-valorant-gameplay,eggsterr,yoru,,duelist,324.97,11.63,0.807,True
35-kills-mvp-envy-eggsterr-yoru-god-valorant-gameplay,eggsterr,yoru,,duelist,428.67,2.77,0.529,False
35-kills-mvp-envy-eggsterr-yoru-god-valorant-gameplay,eggsterr,yoru,,duelist,650.47,8.77,0.594,True
35-kills-mvp-envy-eggsterr-yoru-god-valorant-gameplay,eggsterr,yoru,,duelist,667.43,0.96,0.444,True
35-kills-mvp-envy-eggsterr-yoru-god-valorant-gameplay,eggsterr,yoru,,duelist,784.3,12.2,0.528,False
35-kills-mvp-envy-eggsterr-yoru-god-valorant-gameplay,eggsterr,yoru,,duelist,1047.6,22.44,0.619,False
35-kills-mvp-envy-eggsterr-yoru-god-valorant-gameplay,eggsterr,yoru,,duelist,1129.57,1.93,0.548,False
35-kills-mvp-envy-eggsterr-yoru-god-valorant-gameplay,eggsterr,yoru,,duelist,1165.27,2.87,0.692,True
35-kills-mvp-envy-eggsterr-yoru-god-valorant-gameplay,eggsterr,yoru,,duelist,1256.57,26.84,0.668,False
35-kills-mvp-envy-eggsterr-yoru-god-valorant-gameplay,eggsterr,yoru,,duelist,1386.03,4.32,0.769,True
35-kills-mvp-envy-eggsterr-yoru-god-valorant-gameplay,eggsterr,yoru,,duelist,1392.53,29.09,0.404,True
35-kills-mvp-envy-eggsterr-yoru-god-valorant-gameplay,eggsterr,yoru,,duelist,1666.57,8.03,0.427,False
35-kills-mvp-envy-eggsterr-yoru-god-valorant-gameplay,eggsterr,yoru,,duelist,1760.87,7.95,0.412,False
35-kills-mvp-envy-eggsterr-yoru-god-valorant-gameplay,eggsterr,yoru,,duelist,1761.67,1.93,0.532,False
35-kills-mvp-envy-eggsterr-yoru-god-valorant-gameplay,eggsterr,yoru,,duelist,1876.17,38.9,0.429,False
35-kills-mvp-envy-eggsterr-yoru-god-valorant-gameplay,eggsterr,yoru,,duelist,1913.57,10.45,0.415,False
35-kills-mvp-envy-eggsterr-yoru-god-valorant-gameplay,eggsterr,yoru,,duelist,2030.6,9.89,0.503,True
35-kills-mvp-envy-eggsterr-yoru-god-valorant-gameplay,eggsterr,yoru,,duelist,2058.67,2.14,0.425,False
35-kills-mvp-envy-eggsterr-yoru-god-valorant-gameplay,eggsterr,yoru,,duelist,2155.1,10.68,0.538,False
35-kills-mvp-envy-eggsterr-yoru-god-valorant-gameplay,eggsterr,yoru,,duelist,2160.37,3.01,0.518,True
35-kills-mvp-envy-eggsterr-yoru-god-valorant-gameplay,eggsterr,yoru,,duelist,2205.63,10.34,0.791,False
35-kills-mvp-envy-eggsterr-yoru-god-valorant-gameplay,eggsterr,yoru,,duelist,2504.0,1.11,0.411,False
36-rank-clove-is-insane-on-sunset-mvp-c9-oxy-clove-valorant-ranked-gameplay,oxy,clove,sunset,non-duelist,21.0,6.76,0.631,False
36-rank-clove-is-insane-on-sunset-mvp-c9-oxy-clove-valorant-ranked-gameplay,oxy,clove,sunset,non-duelist,22.87,3.58,0.57,False
36-rank-clove-is-insane-on-sunset-mvp-c9-oxy-clove-valorant-ranked-gameplay,oxy,clove,sunset,non-duelist,27.03,0.46,0.54,False
36-rank-clove-is-insane-on-sunset-mvp-c9-oxy-clove-valorant-ranked-gameplay,oxy,clove,sunset,non-duelist,73.13,2.04,0.507,False
36-rank-clove-is-insane-on-sunset-mvp-c9-oxy-clove-valorant-ranked-gameplay,oxy,clove,sunset,non-duelist,85.33,4.09,0.404,True
36-rank-clove-is-insane-on-sunset-mvp-c9-oxy-clove-valorant-ranked-gameplay,oxy,clove,sunset,non-duelist,85.97,0.85,0.512,True
36-rank-clove-is-insane-on-sunset-mvp-c9-oxy-clove-valorant-ranked-gameplay,oxy,clove,sunset,non-duelist,98.37,2.2,0.448,False
36-rank-clove-is-insane-on-sunset-mvp-c9-oxy-clove-valorant-ranked-gameplay,oxy,clove,sunset,non-duelist,107.87,1.37,0.472,False
36-rank-clove-is-insane-on-sunset-mvp-c9-oxy-clove-valorant-ranked-gameplay,oxy,clove,sunset,non-duelist,158.2,2.18,0.583,False
36-rank-clove-is-insane-on-sunset-mvp-c9-oxy-clove-valorant-ranked-gameplay,oxy,clove,sunset,non-duelist,159.5,1.79,0.42,False
36-rank-clove-is-insane-on-sunset-mvp-c9-oxy-clove-valorant-ranked-gameplay,oxy,clove,sunset,non-duelist,163.3,0.56,0.407,False
36-rank-clove-is-insane-on-sunset-mvp-c9-oxy-clove-valorant-ranked-gameplay,oxy,clove,sunset,non-duelist,211.6,3.06,0.59,False
36-rank-clove-is-insane-on-sunset-mvp-c9-oxy-clove-valorant-ranked-gameplay,oxy,clove,sunset,non-duelist,232.3,1.74,0.482,False
36-rank-clove-is-insane-on-sunset-mvp-c9-oxy-clove-valorant-ranked-gameplay,oxy,clove,sunset,non-duelist,236.73,0.23,0.474,False
36-rank-clove-is-insane-on-sunset-mvp-c9-oxy-clove-valorant-ranked-gameplay,oxy,clove,sunset,non-duelist,237.43,2.74,0.478,False
36-rank-clove-is-insane-on-sunset-mvp-c9-oxy-clove-valorant-ranked-gameplay,oxy,clove,sunset,non-duelist,238.97,5.73,0.447,False
36-rank-clove-is-insane-on-sunset-mvp-c9-oxy-clove-valorant-ranked-gameplay,oxy,clove,sunset,non-duelist,294.87,1.47,0.654,False
36-rank-clove-is-insane-on-sunset-mvp-c9-oxy-clove-valorant-ranked-gameplay,oxy,clove,sunset,non-duelist,304.4,3.82,0.474,False
36-rank-clove-is-insane-on-sunset-mvp-c9-oxy-clove-valorant-ranked-gameplay,oxy,clove,sunset,non-duelist,373.0,5.72,0.41,False
36-rank-clove-is-insane-on-sunset-mvp-c9-oxy-clove-valorant-ranked-gameplay,oxy,clove,sunset,non-duelist,376.5,0.86,0.492,False
36-rank-clove-is-insane-on-sunset-mvp-c9-oxy-clove-valorant-ranked-gameplay,oxy,clove,sunset,non-duelist,500.9,16.37,0.661,False
36-rank-clove-is-insane-on-sunset-mvp-c9-oxy-clove-valorant-ranked-gameplay,oxy,clove,sunset,non-duelist,582.47,1.07,0.55,False
36-rank-clove-is-insane-on-sunset-mvp-c9-oxy-clove-valorant-ranked-gameplay,oxy,clove,sunset,non-duelist,583.8,1.42,0.472,False
36-rank-clove-is-insane-on-sunset-mvp-c9-oxy-clove-valorant-ranked-gameplay,oxy,clove,sunset,non-duelist,613.07,8.4,0.42,True
36-rank-clove-is-insane-on-sunset-mvp-c9-oxy-clove-valorant-ranked-gameplay,oxy,clove,sunset,non-duelist,616.87,1.0,0.431,True
36-rank-clove-is-insane-on-sunset-mvp-c9-oxy-clove-valorant-ranked-gameplay,oxy,clove,sunset,non-duelist,679.3,3.2,0.645,False
36-rank-clove-is-insane-on-sunset-mvp-c9-oxy-clove-valorant-ranked-gameplay,oxy,clove,sunset,non-duelist,684.2,2.85,0.436,False
36-rank-clove-is-insane-on-sunset-mvp-c9-oxy-clove-valorant-ranked-gameplay,oxy,clove,sunset,non-duelist,817.23,2.53,0.483,False
36-rank-clove-is-insane-on-sunset-mvp-c9-oxy-clove-valorant-ranked-gameplay,oxy,clove,sunset,non-duelist,938.6,0.62,0.534,False
36-rank-clove-is-insane-on-sunset-mvp-c9-oxy-clove-valorant-ranked-gameplay,oxy,clove,sunset,non-duelist,1011.93,1.18,0.457,False
36-rank-clove-is-insane-on-sunset-mvp-c9-oxy-clove-valorant-ranked-gameplay,oxy,clove,sunset,non-duelist,1106.47,2.42,0.435,False
36-rank-clove-is-insane-on-sunset-mvp-c9-oxy-clove-valorant-ranked-gameplay,oxy,clove,sunset,non-duelist,1107.03,0.94,0.475,False
36-rank-clove-is-insane-on-sunset-mvp-c9-oxy-clove-valorant-ranked-gameplay,oxy,clove,sunset,non-duelist,1117.4,6.49,0.437,False
36-rank-clove-is-insane-on-sunset-mvp-c9-oxy-clove-valorant-ranked-gameplay,oxy,clove,sunset,non-duelist,1124.33,0.97,0.529,False
36-rank-clove-is-insane-on-sunset-mvp-c9-oxy-clove-valorant-ranked-gameplay,oxy,clove,sunset,non-duelist,1128.77,3.18,0.615,False
36-rank-clove-is-insane-on-sunset-mvp-c9-oxy-clove-valorant-ranked-gameplay,oxy,clove,sunset,non-duelist,1289.23,3.58,0.618,True
39-kills-dream-team-c9-oxy-xeppaa-ion-chamber-valorant-ranked-gameplay,oxy,chamber,,non-duelist,20.43,7.8,0.567,False
39-kills-dream-team-c9-oxy-xeppaa-ion-chamber-valorant-ranked-gameplay,oxy,chamber,,non-duelist,78.9,0.35,0.423,False
39-kills-dream-team-c9-oxy-xeppaa-ion-chamber-valorant-ranked-gameplay,oxy,chamber,,non-duelist,146.03,0.83,0.409,False
39-kills-dream-team-c9-oxy-xeppaa-ion-chamber-valorant-ranked-gameplay,oxy,chamber,,non-duelist,207.83,8.83,0.501,False
39-kills-dream-team-c9-oxy-xeppaa-ion-chamber-valorant-ranked-gameplay,oxy,chamber,,non-duelist,361.1,3.86,0.482,False
39-kills-dream-team-c9-oxy-xeppaa-ion-chamber-valorant-ranked-gameplay,oxy,chamber,,non-duelist,413.8,6.51,0.485,False
39-kills-dream-team-c9-oxy-xeppaa-ion-chamber-valorant-ranked-gameplay,oxy,chamber,,non-duelist,526.93,12.57,0.481,False
39-kills-dream-team-c9-oxy-xeppaa-ion-chamber-valorant-ranked-gameplay,oxy,chamber,,non-duelist,531.7,2.7,0.435,False
39-kills-dream-team-c9-oxy-xeppaa-ion-chamber-valorant-ranked-gameplay,oxy,chamber,,non-duelist,725.93,0.69,0.697,False
39-kills-dream-team-c9-oxy-xeppaa-ion-chamber-valorant-ranked-gameplay,oxy,chamber,,non-duelist,726.8,1.13,0.59,False
39-kills-dream-team-c9-oxy-xeppaa-ion-chamber-valorant-ranked-gameplay,oxy,chamber,,non-duelist,793.5,3.92,0.5,False
39-kills-dream-team-c9-oxy-xeppaa-ion-chamber-valorant-ranked-gameplay,oxy,chamber,,non-duelist,862.6,0.36,0.574,False
39-kills-dream-team-c9-oxy-xeppaa-ion-chamber-valorant-ranked-gameplay,oxy,chamber,,non-duelist,938.07,0.79,0.617,False
39-kills-dream-team-c9-oxy-xeppaa-ion-chamber-valorant-ranked-gameplay,oxy,chamber,,non-duelist,995.63,31.12,0.488,False
39-kills-dream-team-c9-oxy-xeppaa-ion-chamber-valorant-ranked-gameplay,oxy,chamber,,non-duelist,1004.23,0.35,0.429,False
39-kills-dream-team-c9-oxy-xeppaa-ion-chamber-valorant-ranked-gameplay,oxy,chamber,,non-duelist,1009.33,0.36,0.463,False
39-kills-dream-team-c9-oxy-xeppaa-ion-chamber-valorant-ranked-gameplay,oxy,chamber,,non-duelist,1057.4,1.56,0.511,False
39-kills-dream-team-c9-oxy-xeppaa-ion-chamber-valorant-ranked-gameplay,oxy,chamber,,non-duelist,1065.87,8.17,0.539,False
39-kills-dream-team-c9-oxy-xeppaa-ion-chamber-valorant-ranked-gameplay,oxy,chamber,,non-duelist,1072.23,6.67,0.425,False
39-kills-dream-team-c9-oxy-xeppaa-ion-chamber-valorant-ranked-gameplay,oxy,chamber,,non-duelist,1077.0,1.2,0.472,False
39-kills-dream-team-c9-oxy-xeppaa-ion-chamber-valorant-ranked-gameplay,oxy,chamber,,non-duelist,1099.2,3.83,0.639,False
39-kills-dream-team-c9-oxy-xeppaa-ion-chamber-valorant-ranked-gameplay,oxy,chamber,,non-duelist,1165.37,6.89,0.823,False
39-kills-dream-team-c9-oxy-xeppaa-ion-chamber-valorant-ranked-gameplay,oxy,chamber,,non-duelist,1269.33,5.25,0.687,False
39-kills-dream-team-c9-oxy-xeppaa-ion-chamber-valorant-ranked-gameplay,oxy,chamber,,non-duelist,1307.43,3.35,0.558,True
39-kills-dream-team-c9-oxy-xeppaa-ion-chamber-valorant-ranked-gameplay,oxy,chamber,,non-duelist,1311.93,2.86,0.611,False
39-kills-dream-team-c9-oxy-xeppaa-ion-chamber-valorant-ranked-gameplay,oxy,chamber,,non-duelist,1433.97,5.82,0.775,False
39-kills-dream-team-c9-oxy-xeppaa-ion-chamber-valorant-ranked-gameplay,oxy,chamber,,non-duelist,1444.8,7.68,0.681,False
39-kills-dream-team-c9-oxy-xeppaa-ion-chamber-valorant-ranked-gameplay,oxy,chamber,,non-duelist,1606.47,10.16,0.523,False
39-kills-dream-team-c9-oxy-xeppaa-ion-chamber-valorant-ranked-gameplay,oxy,chamber,,non-duelist,1682.9,7.7,0.708,False
39-kills-dream-team-c9-oxy-xeppaa-ion-chamber-valorant-ranked-gameplay,oxy,chamber,,non-duelist,1740.87,2.33,0.574,False
39-kills-dream-team-c9-oxy-xeppaa-ion-chamber-valorant-ranked-gameplay,oxy,chamber,,non-duelist,1742.67,11.53,0.769,False
39-kills-dream-team-c9-oxy-xeppaa-ion-chamber-valorant-ranked-gameplay,oxy,chamber,,non-duelist,1764.23,3.22,0.643,False
39-kills-dream-team-c9-oxy-xeppaa-ion-chamber-valorant-ranked-gameplay,oxy,chamber,,non-duelist,1808.13,2.41,0.508,False
39-kills-dream-team-c9-oxy-xeppaa-ion-chamber-valorant-ranked-gameplay,oxy,chamber,,non-duelist,1823.83,3.6,0.525,False
39-kills-dream-team-c9-oxy-xeppaa-ion-chamber-valorant-ranked-gameplay,oxy,chamber,,non-duelist,1828.03,13.31,0.787,True
39-kills-dream-team-c9-oxy-xeppaa-ion-chamber-valorant-ranked-gameplay,oxy,chamber,,non-duelist,1854.5,3.73,0.589,False
39-kills-dream-team-c9-oxy-xeppaa-ion-chamber-valorant-ranked-gameplay,oxy,chamber,,non-duelist,2013.6,2.13,0.484,False
39-kills-dream-team-c9-oxy-xeppaa-ion-chamber-valorant-ranked-gameplay,oxy,chamber,,non-duelist,2032.3,18.67,0.515,False
39-kills-dream-team-c9-oxy-xeppaa-ion-chamber-valorant-ranked-gameplay,oxy,chamber,,non-duelist,2093.23,0.5,0.465,False
39-kills-dream-team-c9-oxy-xeppaa-ion-chamber-valorant-ranked-gameplay,oxy,chamber,,non-duelist,2094.2,0.31,0.447,False
39-kills-dream-team-c9-oxy-xeppaa-ion-chamber-valorant-ranked-gameplay,oxy,chamber,,non-duelist,2094.97,3.47,0.592,False
39-kills-dream-team-c9-oxy-xeppaa-ion-chamber-valorant-ranked-gameplay,oxy,chamber,,non-duelist,2106.9,1.15,0.523,False
39-kills-dream-team-c9-oxy-xeppaa-ion-chamber-valorant-ranked-gameplay,oxy,chamber,,non-duelist,2272.27,20.16,0.528,False
39-kills-dream-team-c9-oxy-xeppaa-ion-chamber-valorant-ranked-gameplay,oxy,chamber,,non-duelist,2285.57,1.59,0.529,False
39-kills-dream-team-c9-oxy-xeppaa-ion-chamber-valorant-ranked-gameplay,oxy,chamber,,non-duelist,2431.13,0.6,0.627,False
39-kills-dream-team-c9-oxy-xeppaa-ion-chamber-valorant-ranked-gameplay,oxy,chamber,,non-duelist,2488.87,8.5,0.745,False
40-rank-world-champion-s0m-s-raze-is-a-masterclass-valorant-radiant-gameplay,s0m,raze,,duelist,32.0,0.51,0.732,True
40-rank-world-champion-s0m-s-raze-is-a-masterclass-valorant-radiant-gameplay,s0m,raze,,duelist,54.13,0.95,0.699,False
40-rank-world-champion-s0m-s-raze-is-a-masterclass-valorant-radiant-gameplay,s0m,raze,,duelist,109.03,1.12,0.655,True
40-rank-world-champion-s0m-s-raze-is-a-masterclass-valorant-radiant-gameplay,s0m,raze,,duelist,169.63,16.07,0.44,False
40-rank-world-champion-s0m-s-raze-is-a-masterclass-valorant-radiant-gameplay,s0m,raze,,duelist,214.97,22.86,0.785,True
40-rank-world-champion-s0m-s-raze-is-a-masterclass-valorant-radiant-gameplay,s0m,raze,,duelist,365.5,0.89,0.543,False
40-rank-world-champion-s0m-s-raze-is-a-masterclass-valorant-radiant-gameplay,s0m,raze,,duelist,428.6,1.74,0.419,False
40-rank-world-champion-s0m-s-raze-is-a-masterclass-valorant-radiant-gameplay,s0m,raze,,duelist,531.77,6.41,0.665,True
40-rank-world-champion-s0m-s-raze-is-a-masterclass-valorant-radiant-gameplay,s0m,raze,,duelist,537.5,8.44,0.687,False
40-rank-world-champion-s0m-s-raze-is-a-masterclass-valorant-radiant-gameplay,s0m,raze,,duelist,554.1,7.83,0.539,True
40-rank-world-champion-s0m-s-raze-is-a-masterclass-valorant-radiant-gameplay,s0m,raze,,duelist,753.23,26.7,0.709,True
40-rank-world-champion-s0m-s-raze-is-a-masterclass-valorant-radiant-gameplay,s0m,raze,,duelist,878.53,6.58,0.658,True
40-rank-world-champion-s0m-s-raze-is-a-masterclass-valorant-radiant-gameplay,s0m,raze,,duelist,973.6,0.73,0.627,False
40-rank-world-champion-s0m-s-raze-is-a-masterclass-valorant-radiant-gameplay,s0m,raze,,duelist,1015.5,2.13,0.716,False
40-rank-world-champion-s0m-s-raze-is-a-masterclass-valorant-radiant-gameplay,s0m,raze,,duelist,1183.8,16.3,0.66,True
40-rank-world-champion-s0m-s-raze-is-a-masterclass-valorant-radiant-gameplay,s0m,raze,,duelist,1184.9,0.32,0.546,True
40-rank-world-champion-s0m-s-raze-is-a-masterclass-valorant-radiant-gameplay,s0m,raze,,duelist,1229.03,1.37,0.439,False
40-rank-world-champion-s0m-s-raze-is-a-masterclass-valorant-radiant-gameplay,s0m,raze,,duelist,1230.23,4.38,0.446,False
40-rank-world-champion-s0m-s-raze-is-a-masterclass-valorant-radiant-gameplay,s0m,raze,,duelist,1234.2,1.97,0.548,True
40-rank-world-champion-s0m-s-raze-is-a-masterclass-valorant-radiant-gameplay,s0m,raze,,duelist,1234.8,1.92,0.605,True
40-rank-world-champion-s0m-s-raze-is-a-masterclass-valorant-radiant-gameplay,s0m,raze,,duelist,1236.4,10.95,0.424,True
40-rank-world-champion-s0m-s-raze-is-a-masterclass-valorant-radiant-gameplay,s0m,raze,,duelist,1301.4,0.74,0.511,False
40-rank-world-champion-s0m-s-raze-is-a-masterclass-valorant-radiant-gameplay,s0m,raze,,duelist,1303.43,0.68,0.515,False
40-rank-world-champion-s0m-s-raze-is-a-masterclass-valorant-radiant-gameplay,s0m,raze,,duelist,1309.0,8.24,0.664,False
40-rank-world-champion-s0m-s-raze-is-a-masterclass-valorant-radiant-gameplay,s0m,raze,,duelist,1527.93,4.34,0.716,False
40-rank-world-champion-s0m-s-raze-is-a-masterclass-valorant-radiant-gameplay,s0m,raze,,duelist,1618.5,5.49,0.486,False
40-rank-world-champion-s0m-s-raze-is-a-masterclass-valorant-radiant-gameplay,s0m,raze,,duelist,1731.9,33.71,0.689,False
42-rank-mvp-c9-oxy-valorant-neon-radiant-ranked-gameplay-full-match-vod,oxy,neon,,duelist,19.7,6.06,0.557,False
42-rank-mvp-c9-oxy-valorant-neon-radiant-ranked-gameplay-full-match-vod,oxy,neon,,duelist,20.6,3.55,0.478,False
42-rank-mvp-c9-oxy-valorant-neon-radiant-ranked-gameplay-full-match-vod,oxy,neon,,duelist,35.9,6.49,0.466,False
42-rank-mvp-c9-oxy-valorant-neon-radiant-ranked-gameplay-full-match-vod,oxy,neon,,duelist,78.63,32.76,0.419,True
42-rank-mvp-c9-oxy-valorant-neon-radiant-ranked-gameplay-full-match-vod,oxy,neon,,duelist,79.37,2.84,0.512,True
42-rank-mvp-c9-oxy-valorant-neon-radiant-ranked-gameplay-full-match-vod,oxy,neon,,duelist,83.27,1.75,0.509,True
42-rank-mvp-c9-oxy-valorant-neon-radiant-ranked-gameplay-full-match-vod,oxy,neon,,duelist,85.27,4.81,0.629,True
42-rank-mvp-c9-oxy-valorant-neon-radiant-ranked-gameplay-full-match-vod,oxy,neon,,duelist,91.47,14.43,0.785,True
42-rank-mvp-c9-oxy-valorant-neon-radiant-ranked-gameplay-full-match-vod,oxy,neon,,duelist,259.7,4.11,0.77,True
42-rank-mvp-c9-oxy-valorant-neon-radiant-ranked-gameplay-full-match-vod,oxy,neon,,duelist,336.67,0.41,0.472,True
42-rank-mvp-c9-oxy-valorant-neon-radiant-ranked-gameplay-full-match-vod,oxy,neon,,duelist,339.97,10.49,0.738,False
42-rank-mvp-c9-oxy-valorant-neon-radiant-ranked-gameplay-full-match-vod,oxy,neon,,duelist,356.77,1.82,0.676,False
42-rank-mvp-c9-oxy-valorant-neon-radiant-ranked-gameplay-full-match-vod,oxy,neon,,duelist,370.77,6.46,0.509,True
42-rank-mvp-c9-oxy-valorant-neon-radiant-ranked-gameplay-full-match-vod,oxy,neon,,duelist,378.5,3.95,0.508,False
42-rank-mvp-c9-oxy-valorant-neon-radiant-ranked-gameplay-full-match-vod,oxy,neon,,duelist,646.6,21.98,0.673,True
42-rank-mvp-c9-oxy-valorant-neon-radiant-ranked-gameplay-full-match-vod,oxy,neon,,duelist,746.23,2.03,0.681,True
42-rank-mvp-c9-oxy-valorant-neon-radiant-ranked-gameplay-full-match-vod,oxy,neon,,duelist,747.3,5.42,0.452,False
42-rank-mvp-c9-oxy-valorant-neon-radiant-ranked-gameplay-full-match-vod,oxy,neon,,duelist,754.97,1.91,0.483,True
42-rank-mvp-c9-oxy-valorant-neon-radiant-ranked-gameplay-full-match-vod,oxy,neon,,duelist,797.5,1.05,0.531,True
42-rank-mvp-c9-oxy-valorant-neon-radiant-ranked-gameplay-full-match-vod,oxy,neon,,duelist,807.7,1.87,0.547,True
42-rank-mvp-c9-oxy-valorant-neon-radiant-ranked-gameplay-full-match-vod,oxy,neon,,duelist,808.7,3.78,0.568,True
42-rank-mvp-c9-oxy-valorant-neon-radiant-ranked-gameplay-full-match-vod,oxy,neon,,duelist,813.27,2.02,0.692,True
42-rank-mvp-c9-oxy-valorant-neon-radiant-ranked-gameplay-full-match-vod,oxy,neon,,duelist,814.8,7.0,0.691,True
42-rank-mvp-c9-oxy-valorant-neon-radiant-ranked-gameplay-full-match-vod,oxy,neon,,duelist,835.63,10.21,0.64,True
42-rank-mvp-c9-oxy-valorant-neon-radiant-ranked-gameplay-full-match-vod,oxy,neon,,duelist,995.17,0.53,0.509,True
42-rank-mvp-c9-oxy-valorant-neon-radiant-ranked-gameplay-full-match-vod,oxy,neon,,duelist,998.47,0.96,0.413,True
42-rank-mvp-c9-oxy-valorant-neon-radiant-ranked-gameplay-full-match-vod,oxy,neon,,duelist,1016.3,0.49,0.41,True
42-rank-mvp-c9-oxy-valorant-neon-radiant-ranked-gameplay-full-match-vod,oxy,neon,,duelist,1130.5,1.47,0.704,False
42-rank-mvp-c9-oxy-valorant-neon-radiant-ranked-gameplay-full-match-vod,oxy,neon,,duelist,1131.43,1.35,0.617,False
42-rank-mvp-c9-oxy-valorant-neon-radiant-ranked-gameplay-full-match-vod,oxy,neon,,duelist,1135.77,2.43,0.655,False
42-rank-mvp-c9-oxy-valorant-neon-radiant-ranked-gameplay-full-match-vod,oxy,neon,,duelist,1139.67,1.82,0.461,True
42-rank-mvp-c9-oxy-valorant-neon-radiant-ranked-gameplay-full-match-vod,oxy,neon,,duelist,1296.53,13.08,0.504,False
42-rank-mvp-c9-oxy-valorant-neon-radiant-ranked-gameplay-full-match-vod,oxy,neon,,duelist,1297.63,2.68,0.668,False
42-rank-mvp-c9-oxy-valorant-neon-radiant-ranked-gameplay-full-match-vod,oxy,neon,,duelist,1357.4,0.8,0.461,False
42-rank-mvp-c9-oxy-valorant-neon-radiant-ranked-gameplay-full-match-vod,oxy,neon,,duelist,1359.23,5.78,0.47,True
42-rank-mvp-c9-oxy-valorant-neon-radiant-ranked-gameplay-full-match-vod,oxy,neon,,duelist,1391.03,9.01,0.443,False
42-rank-mvp-c9-oxy-valorant-neon-radiant-ranked-gameplay-full-match-vod,oxy,neon,,duelist,1489.4,1.03,0.485,True
42-rank-mvp-c9-oxy-valorant-neon-radiant-ranked-gameplay-full-match-vod,oxy,neon,,duelist,1743.6,3.49,0.604,True
42-rank-mvp-c9-oxy-valorant-neon-radiant-ranked-gameplay-full-match-vod,oxy,neon,,duelist,1745.37,2.34,0.617,True
ace-derrek-goes-perfect-on-neon-mvp-valorant-ranked,derrek,neon,,duelist,32.9,1.62,0.406,True
ace-derrek-goes-perfect-on-neon-mvp-valorant-ranked,derrek,neon,,duelist,82.33,22.67,0.556,True
ace-derrek-goes-perfect-on-neon-mvp-valorant-ranked,derrek,neon,,duelist,178.3,4.69,0.479,True
ace-derrek-goes-perfect-on-neon-mvp-valorant-ranked,derrek,neon,,duelist,181.9,4.18,0.504,True
ace-derrek-goes-perfect-on-neon-mvp-valorant-ranked,derrek,neon,,duelist,209.57,20.36,0.625,True
ace-derrek-goes-perfect-on-neon-mvp-valorant-ranked,derrek,neon,,duelist,267.6,22.07,0.623,False
ace-derrek-goes-perfect-on-neon-mvp-valorant-ranked,derrek,neon,,duelist,278.0,0.99,0.728,False
ace-derrek-goes-perfect-on-neon-mvp-valorant-ranked,derrek,neon,,duelist,301.27,2.81,0.75,False
ace-derrek-goes-perfect-on-neon-mvp-valorant-ranked,derrek,neon,,duelist,304.7,15.65,0.695,True
ace-derrek-goes-perfect-on-neon-mvp-valorant-ranked,derrek,neon,,duelist,357.33,18.12,0.785,False
ace-derrek-goes-perfect-on-neon-mvp-valorant-ranked,derrek,neon,,duelist,361.93,2.32,0.47,True
ace-derrek-goes-perfect-on-neon-mvp-valorant-ranked,derrek,neon,,duelist,632.97,7.99,0.491,True
ace-derrek-goes-perfect-on-neon-mvp-valorant-ranked,derrek,neon,,duelist,635.13,2.16,0.487,True
ace-derrek-goes-perfect-on-neon-mvp-valorant-ranked,derrek,neon,,duelist,637.07,4.99,0.535,True
ace-derrek-goes-perfect-on-neon-mvp-valorant-ranked,derrek,neon,,duelist,795.4,30.6,0.655,False
ace-derrek-goes-perfect-on-neon-mvp-valorant-ranked,derrek,neon,,duelist,801.6,1.99,0.484,False
ace-derrek-goes-perfect-on-neon-mvp-valorant-ranked,derrek,neon,,duelist,982.8,1.08,0.472,True
ace-derrek-goes-perfect-on-neon-mvp-valorant-ranked,derrek,neon,,duelist,1015.2,1.74,0.746,True
ace-derrek-goes-perfect-on-neon-mvp-valorant-ranked,derrek,neon,,duelist,1060.77,4.03,0.478,True
ace-derrek-goes-perfect-on-neon-mvp-valorant-ranked,derrek,neon,,duelist,1063.47,18.36,0.705,True
ace-derrek-goes-perfect-on-neon-mvp-valorant-ranked,derrek,neon,,duelist,1193.93,0.72,0.431,True
ace-derrek-goes-perfect-on-neon-mvp-valorant-ranked,derrek,neon,,duelist,1203.7,15.99,0.835,True
ace-derrek-goes-perfect-on-neon-mvp-valorant-ranked,derrek,neon,,duelist,1349.27,2.07,0.422,False
ace-derrek-goes-perfect-on-neon-mvp-valorant-ranked,derrek,neon,,duelist,1374.4,1.04,0.434,True
ace-derrek-goes-perfect-on-neon-mvp-valorant-ranked,derrek,neon,,duelist,1436.13,4.13,0.427,True
ace-derrek-goes-perfect-on-neon-mvp-valorant-ranked,derrek,neon,,duelist,1438.67,27.1,0.54,True
ace-derrek-goes-perfect-on-neon-mvp-valorant-ranked,derrek,neon,,duelist,1446.93,7.14,0.629,True
ace-derrek-goes-perfect-on-neon-mvp-valorant-ranked,derrek,neon,,duelist,1492.87,2.29,0.53,False
ace-derrek-goes-perfect-on-neon-mvp-valorant-ranked,derrek,neon,,duelist,1686.57,25.67,0.581,False
ace-derrek-goes-perfect-on-neon-mvp-valorant-ranked,derrek,neon,,duelist,1761.13,11.63,0.495,False
ace-derrek-goes-perfect-on-neon-mvp-valorant-ranked,derrek,neon,,duelist,1765.3,0.58,0.502,True
ace-derrek-goes-perfect-on-neon-mvp-valorant-ranked,derrek,neon,,duelist,1785.47,2.02,0.596,False
ace-derrek-goes-perfect-on-neon-mvp-valorant-ranked,derrek,neon,,duelist,1802.97,3.81,0.636,False
ace-derrek-goes-perfect-on-neon-mvp-valorant-ranked,derrek,neon,,duelist,1866.5,0.73,0.544,True
ace-derrek-goes-perfect-on-neon-mvp-valorant-ranked,derrek,neon,,duelist,1942.6,1.49,0.409,False
ace-derrek-goes-perfect-on-neon-mvp-valorant-ranked,derrek,neon,,duelist,2156.9,2.33,0.599,True
ace-derrek-goes-perfect-on-neon-mvp-valorant-ranked,derrek,neon,,duelist,2230.47,0.29,0.437,True
ace-florescent-crazy-waylay-play-on-ascent-valorant-ranked-gameplay,florescent,waylay,ascent,non-duelist,126.5,23.2,0.427,True
ace-florescent-crazy-waylay-play-on-ascent-valorant-ranked-gameplay,florescent,waylay,ascent,non-duelist,166.73,2.77,0.682,False
ace-florescent-crazy-waylay-play-on-ascent-valorant-ranked-gameplay,florescent,waylay,ascent,non-duelist,169.53,1.98,0.695,True
ace-florescent-crazy-waylay-play-on-ascent-valorant-ranked-gameplay,florescent,waylay,ascent,non-duelist,177.53,5.84,0.666,False
ace-florescent-crazy-waylay-play-on-ascent-valorant-ranked-gameplay,florescent,waylay,ascent,non-duelist,224.73,1.49,0.585,False
ace-florescent-crazy-waylay-play-on-ascent-valorant-ranked-gameplay,florescent,waylay,ascent,non-duelist,226.13,0.72,0.57,False
ace-florescent-crazy-waylay-play-on-ascent-valorant-ranked-gameplay,florescent,waylay,ascent,non-duelist,359.37,9.12,0.528,True
ace-florescent-crazy-waylay-play-on-ascent-valorant-ranked-gameplay,florescent,waylay,ascent,non-duelist,375.63,16.07,0.617,False
ace-florescent-crazy-waylay-play-on-ascent-valorant-ranked-gameplay,florescent,waylay,ascent,non-duelist,377.87,8.6,0.617,False
ace-florescent-crazy-waylay-play-on-ascent-valorant-ranked-gameplay,florescent,waylay,ascent,non-duelist,395.57,1.36,0.591,False
ace-florescent-crazy-waylay-play-on-ascent-valorant-ranked-gameplay,florescent,waylay,ascent,non-duelist,463.93,4.77,0.421,False
ace-florescent-crazy-waylay-play-on-ascent-valorant-ranked-gameplay,florescent,waylay,ascent,non-duelist,592.3,1.55,0.489,False
ace-florescent-crazy-waylay-play-on-ascent-valorant-ranked-gameplay,florescent,waylay,ascent,non-duelist,595.0,1.96,0.455,False
ace-florescent-crazy-waylay-play-on-ascent-valorant-ranked-gameplay,florescent,waylay,ascent,non-duelist,599.83,3.17,0.797,False
ace-florescent-crazy-waylay-play-on-ascent-valorant-ranked-gameplay,florescent,waylay,ascent,non-duelist,699.5,16.33,0.654,True
ace-florescent-crazy-waylay-play-on-ascent-valorant-ranked-gameplay,florescent,waylay,ascent,non-duelist,700.13,1.46,0.49,True
ace-florescent-crazy-waylay-play-on-ascent-valorant-ranked-gameplay,florescent,waylay,ascent,non-duelist,790.6,3.48,0.463,True
ace-florescent-crazy-waylay-play-on-ascent-valorant-ranked-gameplay,florescent,waylay,ascent,non-duelist,936.8,8.45,0.554,True
ace-florescent-crazy-waylay-play-on-ascent-valorant-ranked-gameplay,florescent,waylay,ascent,non-duelist,957.73,5.29,0.47,False
ace-florescent-crazy-waylay-play-on-ascent-valorant-ranked-gameplay,florescent,waylay,ascent,non-duelist,1036.6,6.15,0.802,True
ace-florescent-crazy-waylay-play-on-ascent-valorant-ranked-gameplay,florescent,waylay,ascent,non-duelist,1060.73,6.79,0.61,False
ace-florescent-crazy-waylay-play-on-ascent-valorant-ranked-gameplay,florescent,waylay,ascent,non-duelist,1183.9,6.1,0.517,False
ace-florescent-crazy-waylay-play-on-ascent-valorant-ranked-gameplay,florescent,waylay,ascent,non-duelist,1185.63,6.05,0.504,True
ace-florescent-crazy-waylay-play-on-ascent-valorant-ranked-gameplay,florescent,waylay,ascent,non-duelist,1304.23,2.31,0.58,False
ace-florescent-crazy-waylay-play-on-ascent-valorant-ranked-gameplay,florescent,waylay,ascent,non-duelist,1310.5,2.72,0.571,True
ace-florescent-crazy-waylay-play-on-ascent-valorant-ranked-gameplay,florescent,waylay,ascent,non-duelist,1312.63,3.95,0.525,False
ace-florescent-crazy-waylay-play-on-ascent-valorant-ranked-gameplay,florescent,waylay,ascent,non-duelist,1319.4,27.85,0.618,False
ace-florescent-crazy-waylay-play-on-ascent-valorant-ranked-gameplay,florescent,waylay,ascent,non-duelist,1345.13,6.05,0.492,True
ace-florescent-crazy-waylay-play-on-ascent-valorant-ranked-gameplay,florescent,waylay,ascent,non-duelist,1351.57,10.17,0.719,True
ace-florescent-crazy-waylay-play-on-ascent-valorant-ranked-gameplay,florescent,waylay,ascent,non-duelist,1397.5,2.43,0.404,True
ace-florescent-crazy-waylay-play-on-ascent-valorant-ranked-gameplay,florescent,waylay,ascent,non-duelist,1423.83,5.72,0.515,False
ace-florescent-crazy-waylay-play-on-ascent-valorant-ranked-gameplay,florescent,waylay,ascent,non-duelist,1426.57,1.64,0.465,False
ace-florescent-crazy-waylay-play-on-ascent-valorant-ranked-gameplay,florescent,waylay,ascent,non-duelist,1436.47,1.59,0.451,False
ace-florescent-crazy-waylay-play-on-ascent-valorant-ranked-gameplay,florescent,waylay,ascent,non-duelist,1565.83,1.89,0.565,True
ace-florescent-crazy-waylay-play-on-ascent-valorant-ranked-gameplay,florescent,waylay,ascent,non-duelist,1662.03,9.51,0.771,True
aim-machine-florescent-jett-valorant-radiant-gameplay-mvp-28-kills,florescent,jett,,duelist,5.57,5.06,0.514,False
aim-machine-florescent-jett-valorant-radiant-gameplay-mvp-28-kills,florescent,jett,,duelist,23.2,1.44,0.409,False
aim-machine-florescent-jett-valorant-radiant-gameplay-mvp-28-kills,florescent,jett,,duelist,64.4,5.56,0.738,True
aim-machine-florescent-jett-valorant-radiant-gameplay-mvp-28-kills,florescent,jett,,duelist,69.33,12.06,0.784,False
aim-machine-florescent-jett-valorant-radiant-gameplay-mvp-28-kills,florescent,jett,,duelist,72.57,6.32,0.565,False
aim-machine-florescent-jett-valorant-radiant-gameplay-mvp-28-kills,florescent,jett,,duelist,75.57,1.26,0.489,False
aim-machine-florescent-jett-valorant-radiant-gameplay-mvp-28-kills,florescent,jett,,duelist,76.53,10.45,0.472,False
aim-machine-florescent-jett-valorant-radiant-gameplay-mvp-28-kills,florescent,jett,,duelist,123.03,17.21,0.8,False
aim-machine-florescent-jett-valorant-radiant-gameplay-mvp-28-kills,florescent,jett,,duelist,138.07,0.73,0.556,False
aim-machine-florescent-jett-valorant-radiant-gameplay-mvp-28-kills,florescent,jett,,duelist,157.13,15.84,0.682,False
aim-machine-florescent-jett-valorant-radiant-gameplay-mvp-28-kills,florescent,jett,,duelist,161.23,3.24,0.646,False
aim-machine-florescent-jett-valorant-radiant-gameplay-mvp-28-kills,florescent,jett,,duelist,162.23,4.92,0.465,False
aim-machine-florescent-jett-valorant-radiant-gameplay-mvp-28-kills,florescent,jett,,duelist,202.97,1.21,0.82,True
aim-machine-florescent-jett-valorant-radiant-gameplay-mvp-28-kills,florescent,jett,,duelist,215.43,15.87,0.419,True
aim-machine-florescent-jett-valorant-radiant-gameplay-mvp-28-kills,florescent,jett,,duelist,232.8,0.37,0.429,False
aim-machine-florescent-jett-valorant-radiant-gameplay-mvp-28-kills,florescent,jett,,duelist,357.07,5.65,0.521,False
aim-machine-florescent-jett-valorant-radiant-gameplay-mvp-28-kills,florescent,jett,,duelist,361.7,3.98,0.608,False
aim-machine-florescent-jett-valorant-radiant-gameplay-mvp-28-kills,florescent,jett,,duelist,366.03,13.95,0.67,True
aim-machine-florescent-jett-valorant-radiant-gameplay-mvp-28-kills,florescent,jett,,duelist,420.63,1.89,0.549,False
aim-machine-florescent-jett-valorant-radiant-gameplay-mvp-28-kills,florescent,jett,,duelist,473.2,3.2,0.585,True
aim-machine-florescent-jett-valorant-radiant-gameplay-mvp-28-kills,florescent,jett,,duelist,547.13,5.43,0.829,False
aim-machine-florescent-jett-valorant-radiant-gameplay-mvp-28-kills,florescent,jett,,duelist,589.33,5.21,0.515,False
aim-machine-florescent-jett-valorant-radiant-gameplay-mvp-28-kills,florescent,jett,,duelist,591.63,0.99,0.726,False
aim-machine-florescent-jett-valorant-radiant-gameplay-mvp-28-kills,florescent,jett,,duelist,593.6,1.46,0.642,False
aim-machine-florescent-jett-valorant-radiant-gameplay-mvp-28-kills,florescent,jett,,duelist,657.2,12.46,0.827,False
aim-machine-florescent-jett-valorant-radiant-gameplay-mvp-28-kills,florescent,jett,,duelist,660.2,5.17,0.735,False
aim-machine-florescent-jett-valorant-radiant-gameplay-mvp-28-kills,florescent,jett,,duelist,710.8,19.32,0.765,False
aim-machine-florescent-jett-valorant-radiant-gameplay-mvp-28-kills,florescent,jett,,duelist,902.83,1.94,0.465,False
aim-machine-florescent-jett-valorant-radiant-gameplay-mvp-28-kills,florescent,jett,,duelist,903.87,2.01,0.613,False
aim-machine-florescent-jett-valorant-radiant-gameplay-mvp-28-kills,florescent,jett,,duelist,1068.53,31.55,0.44,False
aim-machine-florescent-jett-valorant-radiant-gameplay-mvp-28-kills,florescent,jett,,duelist,1082.3,4.29,0.434,False
aim-machine-florescent-jett-valorant-radiant-gameplay-mvp-28-kills,florescent,jett,,duelist,1092.13,39.14,0.45,False
aim-machine-florescent-jett-valorant-radiant-gameplay-mvp-28-kills,florescent,jett,,duelist,1134.53,12.74,0.413,False
aim-machine-florescent-jett-valorant-radiant-gameplay-mvp-28-kills,florescent,jett,,duelist,1138.2,1.14,0.428,True
aimer-aleksandar-na-how-aleksandar-controls-the-map-with-cypher,aleksandar,cypher,,non-duelist,219.97,18.21,0.647,False
aimer-aleksandar-na-how-aleksandar-controls-the-map-with-cypher,aleksandar,cypher,,non-duelist,1431.17,1.61,0.456,False
aimer-aleksandar-na-how-aleksandar-controls-the-map-with-cypher,aleksandar,cypher,,non-duelist,1503.33,1.12,0.443,True
aimer-aleksandar-na-how-aleksandar-controls-the-map-with-cypher,aleksandar,cypher,,non-duelist,1505.77,2.42,0.55,True
aimer-aleksandar-na-how-aleksandar-controls-the-map-with-cypher,aleksandar,cypher,,non-duelist,1506.8,0.63,0.592,False
aimer-aleksandar-na-how-aleksandar-controls-the-map-with-cypher,aleksandar,cypher,,non-duelist,1646.67,2.32,0.552,False
aimer-aleksandar-na-how-aleksandar-controls-the-map-with-cypher,aleksandar,cypher,,non-duelist,2343.97,0.38,0.552,False
aleksandar-went-full-god-mode-on-neon-radiant-ranked,aleksandar,neon,,duelist,4.57,3.18,0.559,False
aleksandar-went-full-god-mode-on-neon-radiant-ranked,aleksandar,neon,,duelist,8.2,1.82,0.476,False
aleksandar-went-full-god-mode-on-neon-radiant-ranked,aleksandar,neon,,duelist,27.9,0.91,0.793,False
aleksandar-went-full-god-mode-on-neon-radiant-ranked,aleksandar,neon,,duelist,67.93,2.0,0.614,False
aleksandar-went-full-god-mode-on-neon-radiant-ranked,aleksandar,neon,,duelist,69.27,12.92,0.665,False
aleksandar-went-full-god-mode-on-neon-radiant-ranked,aleksandar,neon,,duelist,139.97,18.79,0.485,False
aleksandar-went-full-god-mode-on-neon-radiant-ranked,aleksandar,neon,,duelist,144.6,2.12,0.712,False
aleksandar-went-full-god-mode-on-neon-radiant-ranked,aleksandar,neon,,duelist,654.77,13.05,0.509,False
aleksandar-went-full-god-mode-on-neon-radiant-ranked,aleksandar,neon,,duelist,865.9,7.8,0.422,False
aleksandar-went-full-god-mode-on-neon-radiant-ranked,aleksandar,neon,,duelist,884.1,7.08,0.704,False
aleksandar-went-full-god-mode-on-neon-radiant-ranked,aleksandar,neon,,duelist,953.9,6.51,0.407,False
aleksandar-went-full-god-mode-on-neon-radiant-ranked,aleksandar,neon,,duelist,957.43,2.92,0.554,True
aleksandar-went-full-god-mode-on-neon-radiant-ranked,aleksandar,neon,,duelist,1021.3,15.33,0.653,False
aleksandar-went-full-god-mode-on-neon-radiant-ranked,aleksandar,neon,,duelist,1023.13,13.51,0.734,False
aleksandar-went-full-god-mode-on-neon-radiant-ranked,aleksandar,neon,,duelist,1029.67,0.8,0.529,False
aleksandar-went-full-god-mode-on-neon-radiant-ranked,aleksandar,neon,,duelist,1034.2,1.88,0.749,False
aleksandar-went-full-god-mode-on-neon-radiant-ranked,aleksandar,neon,,duelist,1101.77,2.28,0.654,False
aleksandar-went-full-god-mode-on-neon-radiant-ranked,aleksandar,neon,,duelist,1172.8,9.02,0.417,False
aleksandar-went-full-god-mode-on-neon-radiant-ranked,aleksandar,neon,,duelist,1252.27,12.13,0.47,False
aleksandar-went-full-god-mode-on-neon-radiant-ranked,aleksandar,neon,,duelist,1416.0,0.61,0.517,False
aleksandar-went-full-god-mode-on-neon-radiant-ranked,aleksandar,neon,,duelist,1417.57,0.98,0.435,False
aleksandar-went-full-god-mode-on-neon-radiant-ranked,aleksandar,neon,,duelist,1500.83,2.51,0.511,False
aspas-aim-is-art-mibr-aspas-na-valorant-gameplay,aspas,,,,17.93,4.09,0.428,False
aspas-aim-is-art-mibr-aspas-na-valorant-gameplay,aspas,,,,185.43,4.01,0.706,False
aspas-aim-is-art-mibr-aspas-na-valorant-gameplay,aspas,,,,229.87,2.72,0.527,False
aspas-aim-is-art-mibr-aspas-na-valorant-gameplay,aspas,,,,268.8,10.02,0.613,False
aspas-aim-is-art-mibr-aspas-na-valorant-gameplay,aspas,,,,383.9,0.67,0.474,False
aspas-aim-is-art-mibr-aspas-na-valorant-gameplay,aspas,,,,399.27,0.88,0.402,False
aspas-aim-is-art-mibr-aspas-na-valorant-gameplay,aspas,,,,517.93,2.09,0.629,False
aspas-aim-is-art-mibr-aspas-na-valorant-gameplay,aspas,,,,589.57,1.97,0.442,False
aspas-aim-is-art-mibr-aspas-na-valorant-gameplay,aspas,,,,608.77,0.42,0.522,True
aspas-aim-is-art-mibr-aspas-na-valorant-gameplay,aspas,,,,614.1,1.71,0.708,True
aspas-aim-is-art-mibr-aspas-na-valorant-gameplay,aspas,,,,660.87,1.93,0.575,False
aspas-aim-is-art-mibr-aspas-na-valorant-gameplay,aspas,,,,732.23,6.28,0.667,False
aspas-aim-is-art-mibr-aspas-na-valorant-gameplay,aspas,,,,793.4,0.99,0.487,False
aspas-aim-is-art-mibr-aspas-na-valorant-gameplay,aspas,,,,867.33,5.23,0.773,False
aspas-aim-is-art-mibr-aspas-na-valorant-gameplay,aspas,,,,887.7,9.51,0.592,False
aspas-aim-is-art-mibr-aspas-na-valorant-gameplay,aspas,,,,891.03,0.5,0.625,False
aspas-aim-is-art-mibr-aspas-na-valorant-gameplay,aspas,,,,892.33,11.53,0.481,False
aspas-aim-is-art-mibr-aspas-na-valorant-gameplay,aspas,,,,1031.33,12.05,0.549,False
aspas-aim-is-art-mibr-aspas-na-valorant-gameplay,aspas,,,,1036.33,3.16,0.607,False
aspas-aim-is-art-mibr-aspas-na-valorant-gameplay,aspas,,,,1044.47,1.18,0.47,False
aspas-aim-is-art-mibr-aspas-na-valorant-gameplay,aspas,,,,1120.9,21.48,0.854,False
aspas-aim-is-art-mibr-aspas-na-valorant-gameplay,aspas,,,,1134.97,3.22,0.625,False
aspas-aim-is-art-mibr-aspas-na-valorant-gameplay,aspas,,,,1214.7,1.25,0.581,False
aspas-aim-is-art-mibr-aspas-na-valorant-gameplay,aspas,,,,1290.8,2.02,0.558,False
aspas-aim-is-art-mibr-aspas-na-valorant-gameplay,aspas,,,,1421.6,5.7,0.565,False
aspas-aim-is-art-mibr-aspas-na-valorant-gameplay,aspas,,,,1432.57,3.58,0.691,False
aspas-aim-is-art-mibr-aspas-na-valorant-gameplay,aspas,,,,1435.4,0.48,0.482,False
aspas-aim-is-art-mibr-aspas-na-valorant-gameplay,aspas,,,,1441.9,10.26,0.725,False
aspas-aim-is-art-mibr-aspas-na-valorant-gameplay,aspas,,,,1495.47,0.68,0.469,True
aspas-aim-is-art-mibr-aspas-na-valorant-gameplay,aspas,,,,1576.37,11.65,0.42,False
aspas-aim-is-art-mibr-aspas-na-valorant-gameplay,aspas,,,,1586.2,10.66,0.711,False
aspas-aim-is-art-mibr-aspas-na-valorant-gameplay,aspas,,,,1598.7,20.03,0.792,False
aspas-aim-is-art-mibr-aspas-na-valorant-gameplay,aspas,,,,1603.9,7.44,0.706,True
aspas-aim-is-art-mibr-aspas-na-valorant-gameplay,aspas,,,,1679.63,3.75,0.568,False
aspas-aim-is-art-mibr-aspas-na-valorant-gameplay,aspas,,,,1749.3,4.79,0.796,True
aspas-aim-is-art-mibr-aspas-na-valorant-gameplay,aspas,,,,1874.77,1.96,0.771,False
aspas-aim-is-art-mibr-aspas-na-valorant-gameplay,aspas,,,,1942.13,28.59,0.408,False
aspas-aim-is-art-mibr-aspas-na-valorant-gameplay,aspas,,,,2004.6,2.91,0.749,True
aspas-aim-is-art-mibr-aspas-na-valorant-gameplay,aspas,,,,2006.13,0.29,0.504,True
aspas-aim-is-art-mibr-aspas-na-valorant-gameplay,aspas,,,,2016.17,2.08,0.434,False
aspas-jett-summit-pro-radiant-valorant-gameplay-full-match-vod,aspas,jett,,duelist,28.2,0.39,0.438,True
aspas-jett-summit-pro-radiant-valorant-gameplay-full-match-vod,aspas,jett,,duelist,30.63,9.37,0.473,True
aspas-jett-summit-pro-radiant-valorant-gameplay-full-match-vod,aspas,jett,,duelist,107.83,12.87,0.47,True
aspas-jett-summit-pro-radiant-valorant-gameplay-full-match-vod,aspas,jett,,duelist,109.7,0.37,0.517,False
aspas-jett-summit-pro-radiant-valorant-gameplay-full-match-vod,aspas,jett,,duelist,167.47,16.78,0.556,True
aspas-jett-summit-pro-radiant-valorant-gameplay-full-match-vod,aspas,jett,,duelist,179.2,1.12,0.667,True
aspas-jett-summit-pro-radiant-valorant-gameplay-full-match-vod,aspas,jett,,duelist,238.3,24.83,0.474,True
aspas-jett-summit-pro-radiant-valorant-gameplay-full-match-vod,aspas,jett,,duelist,239.3,5.72,0.411,True
aspas-jett-summit-pro-radiant-valorant-gameplay-full-match-vod,aspas,jett,,duelist,299.07,1.68,0.654,True
aspas-jett-summit-pro-radiant-valorant-gameplay-full-match-vod,aspas,jett,,duelist,310.27,8.03,0.526,False
aspas-jett-summit-pro-radiant-valorant-gameplay-full-match-vod,aspas,jett,,duelist,314.53,1.18,0.597,True
aspas-jett-summit-pro-radiant-valorant-gameplay-full-match-vod,aspas,jett,,duelist,375.03,0.9,0.522,True
aspas-jett-summit-pro-radiant-valorant-gameplay-full-match-vod,aspas,jett,,duelist,377.77,6.02,0.659,True
aspas-jett-summit-pro-radiant-valorant-gameplay-full-match-vod,aspas,jett,,duelist,383.87,5.99,0.715,True
aspas-jett-summit-pro-radiant-valorant-gameplay-full-match-vod,aspas,jett,,duelist,424.53,0.22,0.433,True
aspas-jett-summit-pro-radiant-valorant-gameplay-full-match-vod,aspas,jett,,duelist,441.07,2.25,0.451,True
aspas-jett-summit-pro-radiant-valorant-gameplay-full-match-vod,aspas,jett,,duelist,442.93,1.37,0.547,True
aspas-jett-summit-pro-radiant-valorant-gameplay-full-match-vod,aspas,jett,,duelist,444.0,3.35,0.725,True
aspas-jett-summit-pro-radiant-valorant-gameplay-full-match-vod,aspas,jett,,duelist,444.97,4.64,0.733,True
aspas-jett-summit-pro-radiant-valorant-gameplay-full-match-vod,aspas,jett,,duelist,583.47,16.07,0.452,True
aspas-jett-summit-pro-radiant-valorant-gameplay-full-match-vod,aspas,jett,,duelist,679.83,4.81,0.625,True
aspas-jett-summit-pro-radiant-valorant-gameplay-full-match-vod,aspas,jett,,duelist,813.53,0.98,0.424,True
aspas-jett-summit-pro-radiant-valorant-gameplay-full-match-vod,aspas,jett,,duelist,930.7,0.44,0.41,True
aspas-jett-summit-pro-radiant-valorant-gameplay-full-match-vod,aspas,jett,,duelist,936.87,0.64,0.531,True
aspas-jett-summit-pro-radiant-valorant-gameplay-full-match-vod,aspas,jett,,duelist,945.0,34.41,0.781,True
aspas-jett-summit-pro-radiant-valorant-gameplay-full-match-vod,aspas,jett,,duelist,996.57,4.91,0.442,False
aspas-jett-summit-pro-radiant-valorant-gameplay-full-match-vod,aspas,jett,,duelist,1000.77,3.38,0.421,True
aspas-jett-summit-pro-radiant-valorant-gameplay-full-match-vod,aspas,jett,,duelist,1046.87,3.3,0.753,True
aspas-jett-summit-pro-radiant-valorant-gameplay-full-match-vod,aspas,jett,,duelist,1052.53,3.74,0.794,True
aspas-jett-summit-pro-radiant-valorant-gameplay-full-match-vod,aspas,jett,,duelist,1055.6,4.28,0.6,False
aspas-jett-summit-pro-radiant-valorant-gameplay-full-match-vod,aspas,jett,,duelist,1294.6,1.65,0.475,True
aspas-jett-summit-pro-radiant-valorant-gameplay-full-match-vod,aspas,jett,,duelist,1359.43,16.62,0.475,False
aspas-jett-summit-pro-radiant-valorant-gameplay-full-match-vod,aspas,jett,,duelist,1364.77,1.33,0.603,False
aspas-jett-summit-pro-radiant-valorant-gameplay-full-match-vod,aspas,jett,,duelist,1379.23,1.83,0.425,False
aspas-jett-summit-pro-radiant-valorant-gameplay-full-match-vod,aspas,jett,,duelist,1508.07,0.81,0.645,True
aspas-jett-summit-pro-radiant-valorant-gameplay-full-match-vod,aspas,jett,,duelist,1516.87,2.32,0.506,True
aspas-jett-summit-pro-radiant-valorant-gameplay-full-match-vod,aspas,jett,,duelist,1518.2,3.14,0.572,True
aspas-jett-summit-pro-radiant-valorant-gameplay-full-match-vod,aspas,jett,,duelist,1532.3,2.16,0.481,True
aspas-jett-summit-pro-radiant-valorant-gameplay-full-match-vod,aspas,jett,,duelist,1575.93,6.71,0.557,True
aspas-jett-summit-pro-radiant-valorant-gameplay-full-match-vod,aspas,jett,,duelist,1578.4,0.46,0.464,True
aspas-jett-summit-pro-radiant-valorant-gameplay-full-match-vod,aspas,jett,,duelist,1581.83,1.13,0.447,True
aspas-jett-summit-pro-radiant-valorant-gameplay-full-match-vod,aspas,jett,,duelist,1607.87,2.33,0.43,True
aspas-jett-summit-pro-radiant-valorant-gameplay-full-match-vod,aspas,jett,,duelist,1704.33,3.03,0.499,True
aspas-jett-summit-pro-radiant-valorant-gameplay-full-match-vod,aspas,jett,,duelist,1717.43,1.03,0.418,True
aspas-jett-summit-pro-radiant-valorant-gameplay-full-match-vod,aspas,jett,,duelist,1720.43,0.79,0.44,False
aspas-jett-summit-pro-radiant-valorant-gameplay-full-match-vod,aspas,jett,,duelist,1782.07,0.43,0.458,True
aspas-jett-summit-pro-radiant-valorant-gameplay-full-match-vod,aspas,jett,,duelist,1793.63,0.42,0.489,False
aspas-jett-summit-pro-radiant-valorant-gameplay-full-match-vod,aspas,jett,,duelist,1799.9,2.9,0.454,True
aspas-jett-summit-pro-radiant-valorant-gameplay-full-match-vod,aspas,jett,,duelist,1886.03,0.62,0.536,True
aspas-jett-summit-pro-radiant-valorant-gameplay-full-match-vod,aspas,jett,,duelist,1895.7,0.38,0.528,True
aspas-jett-summit-pro-radiant-valorant-gameplay-full-match-vod,aspas,jett,,duelist,1898.7,4.0,0.603,True
aspas-jett-summit-pro-radiant-valorant-gameplay-full-match-vod,aspas,jett,,duelist,1901.4,9.5,0.566,True
aspas-jett-summit-pro-radiant-valorant-gameplay-full-match-vod,aspas,jett,,duelist,1970.6,11.25,0.691,True
aspas-jett-summit-pro-radiant-valorant-gameplay-full-match-vod,aspas,jett,,duelist,1985.27,10.08,0.494,False
aspas-jett-summit-pro-radiant-valorant-gameplay-full-match-vod,aspas,jett,,duelist,1986.43,19.66,0.588,True
aspas-jett-summit-pro-radiant-valorant-gameplay-full-match-vod,aspas,jett,,duelist,2043.23,2.43,0.67,True
aspas-jett-summit-pro-radiant-valorant-gameplay-full-match-vod,aspas,jett,,duelist,2048.43,1.01,0.54,True
aspas-jett-summit-pro-radiant-valorant-gameplay-full-match-vod,aspas,jett,,duelist,2071.5,0.93,0.433,True
aspas-s-jett-is-aimbot-in-human-form-mibr-aspas-pro-jett-on-split-vod-ranked,aspas,jett,split,duelist,32.13,0.74,0.632,False
aspas-s-jett-is-aimbot-in-human-form-mibr-aspas-pro-jett-on-split-vod-ranked,aspas,jett,split,duelist,35.8,14.35,0.807,False
aspas-s-jett-is-aimbot-in-human-form-mibr-aspas-pro-jett-on-split-vod-ranked,aspas,jett,split,duelist,205.1,1.86,0.499,True
aspas-s-jett-is-aimbot-in-human-form-mibr-aspas-pro-jett-on-split-vod-ranked,aspas,jett,split,duelist,207.0,0.77,0.403,True
aspas-s-jett-is-aimbot-in-human-form-mibr-aspas-pro-jett-on-split-vod-ranked,aspas,jett,split,duelist,270.9,1.15,0.492,False
aspas-s-jett-is-aimbot-in-human-form-mibr-aspas-pro-jett-on-split-vod-ranked,aspas,jett,split,duelist,346.83,10.55,0.825,True
aspas-s-jett-is-aimbot-in-human-form-mibr-aspas-pro-jett-on-split-vod-ranked,aspas,jett,split,duelist,392.5,4.38,0.549,False
aspas-s-jett-is-aimbot-in-human-form-mibr-aspas-pro-jett-on-split-vod-ranked,aspas,jett,split,duelist,510.53,7.87,0.817,False
aspas-s-jett-is-aimbot-in-human-form-mibr-aspas-pro-jett-on-split-vod-ranked,aspas,jett,split,duelist,589.8,2.88,0.43,True
aspas-s-jett-is-aimbot-in-human-form-mibr-aspas-pro-jett-on-split-vod-ranked,aspas,jett,split,duelist,638.73,2.09,0.55,False
aspas-s-jett-is-aimbot-in-human-form-mibr-aspas-pro-jett-on-split-vod-ranked,aspas,jett,split,duelist,657.67,2.69,0.577,False
aspas-s-jett-is-aimbot-in-human-form-mibr-aspas-pro-jett-on-split-vod-ranked,aspas,jett,split,duelist,799.9,1.94,0.513,False
aspas-s-jett-is-aimbot-in-human-form-mibr-aspas-pro-jett-on-split-vod-ranked,aspas,jett,split,duelist,816.13,0.67,0.581,True
aspas-s-jett-is-aimbot-in-human-form-mibr-aspas-pro-jett-on-split-vod-ranked,aspas,jett,split,duelist,864.2,0.57,0.691,False
aspas-s-jett-is-aimbot-in-human-form-mibr-aspas-pro-jett-on-split-vod-ranked,aspas,jett,split,duelist,865.53,2.76,0.726,False
aspas-s-jett-is-aimbot-in-human-form-mibr-aspas-pro-jett-on-split-vod-ranked,aspas,jett,split,duelist,878.87,0.47,0.534,False
aspas-s-jett-is-aimbot-in-human-form-mibr-aspas-pro-jett-on-split-vod-ranked,aspas,jett,split,duelist,1008.43,0.42,0.441,True
aspas-s-jett-is-aimbot-in-human-form-mibr-aspas-pro-jett-on-split-vod-ranked,aspas,jett,split,duelist,1099.07,2.28,0.623,True
aspas-s-jett-is-aimbot-in-human-form-mibr-aspas-pro-jett-on-split-vod-ranked,aspas,jett,split,duelist,1266.97,0.7,0.475,False
aspas-s-jett-is-aimbot-in-human-form-mibr-aspas-pro-jett-on-split-vod-ranked,aspas,jett,split,duelist,1273.33,6.8,0.737,False
aspas-s-jett-is-aimbot-in-human-form-mibr-aspas-pro-jett-on-split-vod-ranked,aspas,jett,split,duelist,1338.67,0.34,0.531,False
aspas-s-jett-is-aimbot-in-human-form-mibr-aspas-pro-jett-on-split-vod-ranked,aspas,jett,split,duelist,1343.1,0.37,0.526,False
aspas-s-jett-is-aimbot-in-human-form-mibr-aspas-pro-jett-on-split-vod-ranked,aspas,jett,split,duelist,1487.13,1.54,0.518,True
aspas-s-jett-is-aimbot-in-human-form-mibr-aspas-pro-jett-on-split-vod-ranked,aspas,jett,split,duelist,1488.17,0.9,0.458,True
aspas-s-jett-is-aimbot-in-human-form-mibr-aspas-pro-jett-on-split-vod-ranked,aspas,jett,split,duelist,1493.57,1.66,0.45,False
aspas-s-jett-is-aimbot-in-human-form-mibr-aspas-pro-jett-on-split-vod-ranked,aspas,jett,split,duelist,1494.93,3.27,0.623,False
aspas-s-jett-is-aimbot-in-human-form-mibr-aspas-pro-jett-on-split-vod-ranked,aspas,jett,split,duelist,1496.03,0.79,0.498,False
aspas-s-jett-is-aimbot-in-human-form-mibr-aspas-pro-jett-on-split-vod-ranked,aspas,jett,split,duelist,1522.43,5.97,0.82,False
aspas-s-jett-is-aimbot-in-human-form-mibr-aspas-pro-jett-on-split-vod-ranked,aspas,jett,split,duelist,1564.37,2.02,0.428,False
aspas-s-jett-is-aimbot-in-human-form-mibr-aspas-pro-jett-on-split-vod-ranked,aspas,jett,split,duelist,1569.83,3.82,0.421,True
aspas-s-jett-is-aimbot-in-human-form-mibr-aspas-pro-jett-on-split-vod-ranked,aspas,jett,split,duelist,1606.87,2.14,0.623,True
aspas-s-jett-is-aimbot-in-human-form-mibr-aspas-pro-jett-on-split-vod-ranked,aspas,jett,split,duelist,1648.0,1.56,0.661,True
aspas-s-jett-is-aimbot-in-human-form-mibr-aspas-pro-jett-on-split-vod-ranked,aspas,jett,split,duelist,1733.2,2.71,0.463,True
best-aim-in-apac-fs-primmie-mvp-viper-valorant-gameplay,primmie,viper,,non-duelist,105.77,0.31,0.405,False
best-aim-in-apac-fs-primmie-mvp-viper-valorant-gameplay,primmie,viper,,non-duelist,429.7,0.57,0.458,False
best-aim-in-apac-fs-primmie-mvp-viper-valorant-gameplay,primmie,viper,,non-duelist,499.4,0.42,0.564,True
best-aim-in-apac-fs-primmie-mvp-viper-valorant-gameplay,primmie,viper,,non-duelist,511.33,1.39,0.621,False
best-aim-in-apac-fs-primmie-mvp-viper-valorant-gameplay,primmie,viper,,non-duelist,519.67,1.75,0.726,False
best-aim-in-apac-fs-primmie-mvp-viper-valorant-gameplay,primmie,viper,,non-duelist,680.87,5.71,0.699,False
best-aim-in-apac-fs-primmie-mvp-viper-valorant-gameplay,primmie,viper,,non-duelist,821.63,31.71,0.46,False
best-aim-in-apac-fs-primmie-mvp-viper-valorant-gameplay,primmie,viper,,non-duelist,1211.43,1.89,0.67,True
best-aim-in-apac-fs-primmie-mvp-viper-valorant-gameplay,primmie,viper,,non-duelist,1216.27,2.93,0.753,False
best-aim-in-apac-fs-primmie-mvp-viper-valorant-gameplay,primmie,viper,,non-duelist,1353.63,1.65,0.483,False
best-aim-in-apac-fs-primmie-mvp-viper-valorant-gameplay,primmie,viper,,non-duelist,1364.0,5.54,0.634,False
best-aim-in-apac-fs-primmie-mvp-viper-valorant-gameplay,primmie,viper,,non-duelist,1429.73,0.5,0.701,False
best-aim-in-apac-fs-primmie-mvp-viper-valorant-gameplay,primmie,viper,,non-duelist,1531.93,15.34,0.445,False
best-sova-arrow-spots-on-ascent-nrg-s0m-valorant-gameplay-full-match-vod,s0m,sova,ascent,non-duelist,31.23,0.77,0.482,False
best-sova-arrow-spots-on-ascent-nrg-s0m-valorant-gameplay-full-match-vod,s0m,sova,ascent,non-duelist,128.13,3.6,0.469,False
best-sova-arrow-spots-on-ascent-nrg-s0m-valorant-gameplay-full-match-vod,s0m,sova,ascent,non-duelist,150.27,18.93,0.469,False
best-sova-arrow-spots-on-ascent-nrg-s0m-valorant-gameplay-full-match-vod,s0m,sova,ascent,non-duelist,184.87,23.83,0.598,False
best-sova-arrow-spots-on-ascent-nrg-s0m-valorant-gameplay-full-match-vod,s0m,sova,ascent,non-duelist,193.87,8.82,0.678,True
best-sova-arrow-spots-on-ascent-nrg-s0m-valorant-gameplay-full-match-vod,s0m,sova,ascent,non-duelist,287.2,6.56,0.748,True
best-sova-arrow-spots-on-ascent-nrg-s0m-valorant-gameplay-full-match-vod,s0m,sova,ascent,non-duelist,410.23,1.06,0.419,False
best-sova-arrow-spots-on-ascent-nrg-s0m-valorant-gameplay-full-match-vod,s0m,sova,ascent,non-duelist,410.93,0.45,0.471,False
best-sova-arrow-spots-on-ascent-nrg-s0m-valorant-gameplay-full-match-vod,s0m,sova,ascent,non-duelist,502.23,6.64,0.641,False
best-sova-arrow-spots-on-ascent-nrg-s0m-valorant-gameplay-full-match-vod,s0m,sova,ascent,non-duelist,503.03,0.48,0.535,False
best-sova-arrow-spots-on-ascent-nrg-s0m-valorant-gameplay-full-match-vod,s0m,sova,ascent,non-duelist,582.27,6.56,0.53,True
best-sova-arrow-spots-on-ascent-nrg-s0m-valorant-gameplay-full-match-vod,s0m,sova,ascent,non-duelist,657.0,4.84,0.782,True
best-sova-arrow-spots-on-ascent-nrg-s0m-valorant-gameplay-full-match-vod,s0m,sova,ascent,non-duelist,877.67,2.47,0.658,False
best-sova-arrow-spots-on-ascent-nrg-s0m-valorant-gameplay-full-match-vod,s0m,sova,ascent,non-duelist,903.93,1.14,0.626,False
best-sova-arrow-spots-on-ascent-nrg-s0m-valorant-gameplay-full-match-vod,s0m,sova,ascent,non-duelist,1411.97,2.34,0.468,False
best-sova-arrow-spots-on-ascent-nrg-s0m-valorant-gameplay-full-match-vod,s0m,sova,ascent,non-duelist,1754.03,17.3,0.765,False
breeze-c9-oxy-valorant-neon-radiant-ranked-gameplay-full-match-vod,oxy,neon,breeze,duelist,11.17,1.17,0.611,True
breeze-c9-oxy-valorant-neon-radiant-ranked-gameplay-full-match-vod,oxy,neon,breeze,duelist,28.77,7.16,0.649,False
breeze-c9-oxy-valorant-neon-radiant-ranked-gameplay-full-match-vod,oxy,neon,breeze,duelist,33.57,1.55,0.422,True
breeze-c9-oxy-valorant-neon-radiant-ranked-gameplay-full-match-vod,oxy,neon,breeze,duelist,79.17,3.62,0.466,True
breeze-c9-oxy-valorant-neon-radiant-ranked-gameplay-full-match-vod,oxy,neon,breeze,duelist,89.3,4.7,0.683,False
breeze-c9-oxy-valorant-neon-radiant-ranked-gameplay-full-match-vod,oxy,neon,breeze,duelist,151.5,6.65,0.643,True
breeze-c9-oxy-valorant-neon-radiant-ranked-gameplay-full-match-vod,oxy,neon,breeze,duelist,237.0,2.26,0.616,False
breeze-c9-oxy-valorant-neon-radiant-ranked-gameplay-full-match-vod,oxy,neon,breeze,duelist,243.63,7.19,0.496,True
breeze-c9-oxy-valorant-neon-radiant-ranked-gameplay-full-match-vod,oxy,neon,breeze,duelist,307.83,19.35,0.427,True
breeze-c9-oxy-valorant-neon-radiant-ranked-gameplay-full-match-vod,oxy,neon,breeze,duelist,387.97,2.3,0.462,True
breeze-c9-oxy-valorant-neon-radiant-ranked-gameplay-full-match-vod,oxy,neon,breeze,duelist,398.87,0.52,0.486,False
breeze-c9-oxy-valorant-neon-radiant-ranked-gameplay-full-match-vod,oxy,neon,breeze,duelist,458.7,2.65,0.463,True
breeze-c9-oxy-valorant-neon-radiant-ranked-gameplay-full-match-vod,oxy,neon,breeze,duelist,459.57,29.64,0.411,False
breeze-c9-oxy-valorant-neon-radiant-ranked-gameplay-full-match-vod,oxy,neon,breeze,duelist,578.27,11.99,0.58,True
breeze-c9-oxy-valorant-neon-radiant-ranked-gameplay-full-match-vod,oxy,neon,breeze,duelist,588.17,25.01,0.535,True
breeze-c9-oxy-valorant-neon-radiant-ranked-gameplay-full-match-vod,oxy,neon,breeze,duelist,741.7,3.73,0.579,False
breeze-c9-oxy-valorant-neon-radiant-ranked-gameplay-full-match-vod,oxy,neon,breeze,duelist,751.87,2.75,0.447,False
breeze-c9-oxy-valorant-neon-radiant-ranked-gameplay-full-match-vod,oxy,neon,breeze,duelist,828.57,3.28,0.453,True
breeze-c9-oxy-valorant-neon-radiant-ranked-gameplay-full-match-vod,oxy,neon,breeze,duelist,1002.77,0.77,0.628,True
breeze-c9-oxy-valorant-neon-radiant-ranked-gameplay-full-match-vod,oxy,neon,breeze,duelist,1024.03,41.63,0.626,True
breeze-c9-oxy-valorant-neon-radiant-ranked-gameplay-full-match-vod,oxy,neon,breeze,duelist,1025.5,39.58,0.675,False
breeze-c9-oxy-valorant-neon-radiant-ranked-gameplay-full-match-vod,oxy,neon,breeze,duelist,1075.4,40.56,0.452,False
breeze-c9-oxy-valorant-neon-radiant-ranked-gameplay-full-match-vod,oxy,neon,breeze,duelist,1076.87,3.58,0.449,True
breeze-c9-oxy-valorant-neon-radiant-ranked-gameplay-full-match-vod,oxy,neon,breeze,duelist,1165.9,13.01,0.472,False
breeze-c9-oxy-valorant-neon-radiant-ranked-gameplay-full-match-vod,oxy,neon,breeze,duelist,1167.53,3.55,0.63,False
breeze-c9-oxy-valorant-neon-radiant-ranked-gameplay-full-match-vod,oxy,neon,breeze,duelist,1254.97,1.7,0.607,True
breeze-c9-oxy-valorant-neon-radiant-ranked-gameplay-full-match-vod,oxy,neon,breeze,duelist,1256.93,10.9,0.512,False
c9-oxy-valorant-neon-radiant-ranked-gameplay-full-match-vod,oxy,neon,,duelist,32.7,0.44,0.559,False
c9-oxy-valorant-neon-radiant-ranked-gameplay-full-match-vod,oxy,neon,,duelist,140.37,7.24,0.619,False
c9-oxy-valorant-neon-radiant-ranked-gameplay-full-match-vod,oxy,neon,,duelist,221.93,9.71,0.416,True
c9-oxy-valorant-neon-radiant-ranked-gameplay-full-match-vod,oxy,neon,,duelist,223.53,0.69,0.556,False
c9-oxy-valorant-neon-radiant-ranked-gameplay-full-match-vod,oxy,neon,,duelist,333.13,0.29,0.56,True
c9-oxy-valorant-neon-radiant-ranked-gameplay-full-match-vod,oxy,neon,,duelist,336.57,5.22,0.567,True
c9-oxy-valorant-neon-radiant-ranked-gameplay-full-match-vod,oxy,neon,,duelist,458.33,0.48,0.476,False
c9-oxy-valorant-neon-radiant-ranked-gameplay-full-match-vod,oxy,neon,,duelist,599.8,0.31,0.576,False
c9-oxy-valorant-neon-radiant-ranked-gameplay-full-match-vod,oxy,neon,,duelist,708.2,8.95,0.693,False
c9-oxy-valorant-neon-radiant-ranked-gameplay-full-match-vod,oxy,neon,,duelist,889.5,38.58,0.424,False
c9-oxy-valorant-neon-radiant-ranked-gameplay-full-match-vod,oxy,neon,,duelist,895.77,8.22,0.554,False
c9-oxy-valorant-neon-radiant-ranked-gameplay-full-match-vod,oxy,neon,,duelist,955.6,0.33,0.441,True
c9-oxy-valorant-neon-radiant-ranked-gameplay-full-match-vod,oxy,neon,,duelist,962.2,1.65,0.539,False
c9-oxy-valorant-neon-radiant-ranked-gameplay-full-match-vod,oxy,neon,,duelist,965.33,0.39,0.657,False
c9-oxy-valorant-neon-radiant-ranked-gameplay-full-match-vod,oxy,neon,,duelist,1031.93,12.41,0.41,False
c9-oxy-valorant-neon-radiant-ranked-gameplay-full-match-vod,oxy,neon,,duelist,1043.47,0.92,0.603,False
c9-oxy-valorant-neon-radiant-ranked-gameplay-full-match-vod,oxy,neon,,duelist,1047.47,23.09,0.587,True
c9-oxy-valorant-neon-radiant-ranked-gameplay-full-match-vod,oxy,neon,,duelist,1048.8,2.03,0.523,True
c9-oxy-valorant-neon-radiant-ranked-gameplay-full-match-vod,oxy,neon,,duelist,1050.37,0.4,0.551,True
c9-oxy-valorant-neon-radiant-ranked-gameplay-full-match-vod,oxy,neon,,duelist,1092.47,1.51,0.513,False
c9-oxy-valorant-neon-radiant-ranked-gameplay-full-match-vod,oxy,neon,,duelist,1093.43,1.47,0.505,False
c9-oxy-valorant-neon-radiant-ranked-gameplay-full-match-vod,oxy,neon,,duelist,1097.03,19.07,0.449,False
c9-oxy-valorant-neon-radiant-ranked-gameplay-full-match-vod,oxy,neon,,duelist,1099.73,16.95,0.443,True
c9-oxy-valorant-neon-radiant-ranked-gameplay-full-match-vod,oxy,neon,,duelist,1101.17,0.97,0.524,True
c9-oxy-valorant-neon-radiant-ranked-gameplay-full-match-vod,oxy,neon,,duelist,1102.33,10.78,0.405,True
c9-oxy-valorant-neon-radiant-ranked-gameplay-full-match-vod,oxy,neon,,duelist,1108.93,22.95,0.409,False
c9-oxy-valorant-neon-radiant-ranked-gameplay-full-match-vod,oxy,neon,,duelist,1110.2,34.41,0.566,False
c9-oxy-valorant-neon-radiant-ranked-gameplay-full-match-vod,oxy,neon,,duelist,1111.37,5.01,0.654,False
c9-oxy-valorant-neon-radiant-ranked-gameplay-full-match-vod,oxy,neon,,duelist,1116.1,2.77,0.505,False
c9-oxy-valorant-neon-radiant-ranked-gameplay-full-match-vod,oxy,neon,,duelist,1186.3,9.8,0.532,False
c9-oxy-valorant-neon-radiant-ranked-gameplay-full-match-vod,oxy,neon,,duelist,1210.7,3.31,0.71,False
c9-oxy-valorant-neon-radiant-ranked-gameplay-full-match-vod,oxy,neon,,duelist,1260.53,5.02,0.742,False
c9-oxy-valorant-neon-radiant-ranked-gameplay-full-match-vod,oxy,neon,,duelist,1290.73,3.62,0.575,False
c9-oxy-valorant-neon-radiant-ranked-gameplay-full-match-vod,oxy,neon,,duelist,1333.13,6.93,0.544,False
c9-oxy-valorant-neon-radiant-ranked-gameplay-full-match-vod,oxy,neon,,duelist,1336.73,1.46,0.567,False
c9-oxy-valorant-neon-radiant-ranked-gameplay-full-match-vod,oxy,neon,,duelist,1417.8,21.6,0.677,True
c9-oxy-went-200-iq-mode-on-yoru-mvp-gameplay,oxy,yoru,,duelist,6.7,7.89,0.442,False
c9-oxy-went-200-iq-mode-on-yoru-mvp-gameplay,oxy,yoru,,duelist,145.9,0.74,0.432,False
c9-oxy-went-200-iq-mode-on-yoru-mvp-gameplay,oxy,yoru,,duelist,209.53,2.97,0.551,False
c9-oxy-went-200-iq-mode-on-yoru-mvp-gameplay,oxy,yoru,,duelist,319.93,2.34,0.586,False
c9-oxy-went-200-iq-mode-on-yoru-mvp-gameplay,oxy,yoru,,duelist,418.37,22.96,0.563,False
c9-oxy-went-200-iq-mode-on-yoru-mvp-gameplay,oxy,yoru,,duelist,419.2,6.81,0.495,False
c9-oxy-went-200-iq-mode-on-yoru-mvp-gameplay,oxy,yoru,,duelist,530.3,13.06,0.545,False
c9-oxy-went-200-iq-mode-on-yoru-mvp-gameplay,oxy,yoru,,duelist,535.5,0.37,0.449,False
c9-oxy-went-200-iq-mode-on-yoru-mvp-gameplay,oxy,yoru,,duelist,601.3,4.35,0.499,True
c9-oxy-went-200-iq-mode-on-yoru-mvp-gameplay,oxy,yoru,,duelist,608.0,0.39,0.486,False
c9-oxy-went-200-iq-mode-on-yoru-mvp-gameplay,oxy,yoru,,duelist,675.87,1.63,0.492,False
c9-oxy-went-200-iq-mode-on-yoru-mvp-gameplay,oxy,yoru,,duelist,685.9,3.03,0.531,False
c9-oxy-went-200-iq-mode-on-yoru-mvp-gameplay,oxy,yoru,,duelist,748.8,4.65,0.454,True
c9-oxy-went-200-iq-mode-on-yoru-mvp-gameplay,oxy,yoru,,duelist,818.67,0.34,0.435,False
c9-oxy-went-200-iq-mode-on-yoru-mvp-gameplay,oxy,yoru,,duelist,897.8,6.9,0.762,False
c9-oxy-went-200-iq-mode-on-yoru-mvp-gameplay,oxy,yoru,,duelist,910.23,3.39,0.51,False
c9-oxy-went-200-iq-mode-on-yoru-mvp-gameplay,oxy,yoru,,duelist,916.27,8.54,0.408,False
c9-oxy-went-200-iq-mode-on-yoru-mvp-gameplay,oxy,yoru,,duelist,917.77,7.5,0.593,False
c9-oxy-went-200-iq-mode-on-yoru-mvp-gameplay,oxy,yoru,,duelist,927.57,4.81,0.517,False
c9-oxy-went-200-iq-mode-on-yoru-mvp-gameplay,oxy,yoru,,duelist,1007.0,1.69,0.542,True
c9-oxy-went-200-iq-mode-on-yoru-mvp-gameplay,oxy,yoru,,duelist,1008.5,1.56,0.482,True
c9-oxy-went-200-iq-mode-on-yoru-mvp-gameplay,oxy,yoru,,duelist,1014.27,3.2,0.65,False
c9-oxy-went-200-iq-mode-on-yoru-mvp-gameplay,oxy,yoru,,duelist,1092.83,2.38,0.633,False
c9-oxy-went-200-iq-mode-on-yoru-mvp-gameplay,oxy,yoru,,duelist,1094.5,4.17,0.494,False
c9-oxy-went-200-iq-mode-on-yoru-mvp-gameplay,oxy,yoru,,duelist,1115.33,4.21,0.718,False
c9-oxy-went-200-iq-mode-on-yoru-mvp-gameplay,oxy,yoru,,duelist,1117.03,7.43,0.463,False
c9-oxy-went-200-iq-mode-on-yoru-mvp-gameplay,oxy,yoru,,duelist,1131.43,11.0,0.462,False
c9-oxy-went-200-iq-mode-on-yoru-mvp-gameplay,oxy,yoru,,duelist,1550.1,0.3,0.417,False
c9-oxy-went-200-iq-mode-on-yoru-mvp-gameplay,oxy,yoru,,duelist,1553.7,1.48,0.436,False
c9-oxy-went-200-iq-mode-on-yoru-mvp-gameplay,oxy,yoru,,duelist,1559.77,8.99,0.571,False
c9-oxy-went-200-iq-mode-on-yoru-mvp-gameplay,oxy,yoru,,duelist,1601.87,7.95,0.668,False
c9-oxy-went-200-iq-mode-on-yoru-mvp-gameplay,oxy,yoru,,duelist,1604.17,16.72,0.601,True
c9-oxy-went-200-iq-mode-on-yoru-mvp-gameplay,oxy,yoru,,duelist,1617.77,1.74,0.421,False
c9-oxy-went-200-iq-mode-on-yoru-mvp-gameplay,oxy,yoru,,duelist,1663.4,7.8,0.483,False
champion-aim-lev-sato-30-kills-valorant-radiant-gameplay,sato,,,,37.5,0.35,0.441,False
champion-aim-lev-sato-30-kills-valorant-radiant-gameplay,sato,,,,125.37,2.72,0.612,False
champion-aim-lev-sato-30-kills-valorant-radiant-gameplay,sato,,,,129.03,5.68,0.765,False
champion-aim-lev-sato-30-kills-valorant-radiant-gameplay,sato,,,,272.23,24.39,0.723,False
champion-aim-lev-sato-30-kills-valorant-radiant-gameplay,sato,,,,412.77,12.94,0.745,False
champion-aim-lev-sato-30-kills-valorant-radiant-gameplay,sato,,,,414.5,6.28,0.836,False
champion-aim-lev-sato-30-kills-valorant-radiant-gameplay,sato,,,,465.27,2.87,0.454,False
champion-aim-lev-sato-30-kills-valorant-radiant-gameplay,sato,,,,655.57,6.5,0.748,True
champion-aim-lev-sato-30-kills-valorant-radiant-gameplay,sato,,,,682.97,1.69,0.506,True
champion-aim-lev-sato-30-kills-valorant-radiant-gameplay,sato,,,,983.63,10.76,0.526,False
champion-aim-lev-sato-30-kills-valorant-radiant-gameplay,sato,,,,1006.6,1.95,0.594,False
champion-aim-lev-sato-30-kills-valorant-radiant-gameplay,sato,,,,1008.47,1.93,0.407,False
champion-aim-lev-sato-30-kills-valorant-radiant-gameplay,sato,,,,1105.27,1.21,0.462,False
champion-aim-lev-sato-30-kills-valorant-radiant-gameplay,sato,,,,1107.03,4.36,0.696,False
champion-aim-lev-sato-30-kills-valorant-radiant-gameplay,sato,,,,1218.93,0.72,0.48,True
champion-aim-lev-sato-30-kills-valorant-radiant-gameplay,sato,,,,1242.6,3.11,0.666,False
champion-aim-lev-sato-30-kills-valorant-radiant-gameplay,sato,,,,1322.2,1.76,0.516,False
champion-aim-lev-sato-30-kills-valorant-radiant-gameplay,sato,,,,1441.9,0.43,0.537,True
champion-aim-lev-sato-30-kills-valorant-radiant-gameplay,sato,,,,1524.43,2.08,0.624,False
champion-aim-lev-sato-30-kills-valorant-radiant-gameplay,sato,,,,1784.93,0.68,0.461,True
cryo-drops-mvp-on-clove-100t-win-ewc-2026,cryo,clove,,non-duelist,242.53,1.63,0.44,False
cryo-drops-mvp-on-clove-100t-win-ewc-2026,cryo,clove,,non-duelist,243.1,3.46,0.455,False
cryo-drops-mvp-on-clove-100t-win-ewc-2026,cryo,clove,,non-duelist,248.57,0.3,0.435,False
cryo-drops-mvp-on-clove-100t-win-ewc-2026,cryo,clove,,non-duelist,519.83,2.92,0.405,False
cryo-drops-mvp-on-clove-100t-win-ewc-2026,cryo,clove,,non-duelist,734.8,38.39,0.754,False
cryo-drops-mvp-on-clove-100t-win-ewc-2026,cryo,clove,,non-duelist,798.27,2.11,0.448,False
cryo-drops-mvp-on-clove-100t-win-ewc-2026,cryo,clove,,non-duelist,1111.03,13.86,0.67,False
cryo-drops-mvp-on-clove-100t-win-ewc-2026,cryo,clove,,non-duelist,1112.0,2.66,0.642,False
cryo-drops-mvp-on-clove-100t-win-ewc-2026,cryo,clove,,non-duelist,1162.47,0.42,0.464,False
cryo-drops-mvp-on-clove-100t-win-ewc-2026,cryo,clove,,non-duelist,1189.2,2.7,0.416,True
cryo-drops-mvp-on-clove-100t-win-ewc-2026,cryo,clove,,non-duelist,1344.03,37.45,0.755,True
cryo-drops-mvp-on-clove-100t-win-ewc-2026,cryo,clove,,non-duelist,1470.27,0.34,0.401,True
cryo-drops-mvp-on-clove-100t-win-ewc-2026,cryo,clove,,non-duelist,1490.77,3.33,0.776,False
cryo-drops-mvp-on-clove-100t-win-ewc-2026,cryo,clove,,non-duelist,1553.23,1.49,0.444,False
cryo-drops-mvp-on-clove-100t-win-ewc-2026,cryo,clove,,non-duelist,1557.67,0.29,0.468,False
cryo-drops-mvp-on-clove-100t-win-ewc-2026,cryo,clove,,non-duelist,1608.5,0.81,0.566,False
demon1-s-chamber-compilation-pure-skill-pure-aggression,demon1,chamber,,non-duelist,5.2,0.4,0.541,False
demon1-s-chamber-compilation-pure-skill-pure-aggression,demon1,chamber,,non-duelist,6.77,2.09,0.58,False
demon1-s-chamber-compilation-pure-skill-pure-aggression,demon1,chamber,,non-duelist,18.1,1.64,0.405,True
demon1-s-chamber-compilation-pure-skill-pure-aggression,demon1,chamber,,non-duelist,57.17,0.33,0.523,False
demon1-s-chamber-compilation-pure-skill-pure-aggression,demon1,chamber,,non-duelist,113.23,1.41,0.515,False
demon1-s-chamber-compilation-pure-skill-pure-aggression,demon1,chamber,,non-duelist,176.2,8.2,0.748,False
demon1-s-chamber-compilation-pure-skill-pure-aggression,demon1,chamber,,non-duelist,216.0,1.77,0.405,False
demon1-s-chamber-compilation-pure-skill-pure-aggression,demon1,chamber,,non-duelist,508.1,3.69,0.602,False
demon1-s-chamber-compilation-pure-skill-pure-aggression,demon1,chamber,,non-duelist,584.57,5.64,0.415,False
demon1-s-chamber-compilation-pure-skill-pure-aggression,demon1,chamber,,non-duelist,642.57,0.99,0.407,True
demon1-s-chamber-compilation-pure-skill-pure-aggression,demon1,chamber,,non-duelist,648.3,1.5,0.494,False
demon1-s-chamber-compilation-pure-skill-pure-aggression,demon1,chamber,,non-duelist,655.37,0.5,0.602,False
demon1-s-chamber-compilation-pure-skill-pure-aggression,demon1,chamber,,non-duelist,663.6,4.29,0.589,False
demon1-s-chamber-compilation-pure-skill-pure-aggression,demon1,chamber,,non-duelist,665.93,13.04,0.652,True
demon1-s-chamber-compilation-pure-skill-pure-aggression,demon1,chamber,,non-duelist,800.87,2.05,0.798,False
demon1-s-chamber-compilation-pure-skill-pure-aggression,demon1,chamber,,non-duelist,822.7,6.05,0.417,True
demon1-s-chamber-compilation-pure-skill-pure-aggression,demon1,chamber,,non-duelist,1015.97,0.41,0.412,False
demon1-s-chamber-compilation-pure-skill-pure-aggression,demon1,chamber,,non-duelist,1017.2,5.98,0.787,False
demon1-s-chamber-compilation-pure-skill-pure-aggression,demon1,chamber,,non-duelist,1236.13,3.23,0.457,True
demon1-s-chamber-compilation-pure-skill-pure-aggression,demon1,chamber,,non-duelist,1285.0,3.54,0.742,False
demon1-s-chamber-compilation-pure-skill-pure-aggression,demon1,chamber,,non-duelist,1310.33,8.39,0.813,False
demon1-s-chamber-compilation-pure-skill-pure-aggression,demon1,chamber,,non-duelist,1374.37,2.03,0.425,False
demon1-s-chamber-compilation-pure-skill-pure-aggression,demon1,chamber,,non-duelist,1379.17,3.61,0.614,False
demon1-s-chamber-is-pure-aggression-mvp-25-elims,demon1,chamber,,non-duelist,12.83,0.62,0.477,False
demon1-s-chamber-is-pure-aggression-mvp-25-elims,demon1,chamber,,non-duelist,113.23,1.51,0.408,False
demon1-s-chamber-is-pure-aggression-mvp-25-elims,demon1,chamber,,non-duelist,169.87,27.77,0.421,False
demon1-s-chamber-is-pure-aggression-mvp-25-elims,demon1,chamber,,non-duelist,275.93,5.77,0.401,False
demon1-s-chamber-is-pure-aggression-mvp-25-elims,demon1,chamber,,non-duelist,396.23,12.54,0.725,True
demon1-s-chamber-is-pure-aggression-mvp-25-elims,demon1,chamber,,non-duelist,482.83,17.45,0.789,False
demon1-s-chamber-is-pure-aggression-mvp-25-elims,demon1,chamber,,non-duelist,536.23,2.42,0.594,False
demon1-s-chamber-is-pure-aggression-mvp-25-elims,demon1,chamber,,non-duelist,620.93,1.35,0.648,True
demon1-s-chamber-is-pure-aggression-mvp-25-elims,demon1,chamber,,non-duelist,622.93,2.04,0.657,False
demon1-s-chamber-is-pure-aggression-mvp-25-elims,demon1,chamber,,non-duelist,646.93,4.77,0.425,False
demon1-s-chamber-is-pure-aggression-mvp-25-elims,demon1,chamber,,non-duelist,665.7,7.27,0.458,True
demon1-s-chamber-is-pure-aggression-mvp-25-elims,demon1,chamber,,non-duelist,766.93,3.93,0.465,False
demon1-s-chamber-is-pure-aggression-mvp-25-elims,demon1,chamber,,non-duelist,905.83,3.74,0.744,True
demon1-s-chamber-is-pure-aggression-mvp-25-elims,demon1,chamber,,non-duelist,980.7,17.95,0.466,False
demon1-s-chamber-is-pure-aggression-mvp-25-elims,demon1,chamber,,non-duelist,1094.0,2.41,0.474,False
demon1-s-chamber-is-pure-aggression-mvp-25-elims,demon1,chamber,,non-duelist,1240.3,4.42,0.51,False
demon1-s-chamber-is-pure-aggression-mvp-25-elims,demon1,chamber,,non-duelist,1254.5,2.22,0.656,False
demon1-s-chamber-is-pure-aggression-mvp-25-elims,demon1,chamber,,non-duelist,1357.67,2.15,0.562,True
demon1-s-chamber-is-pure-aggression-mvp-25-elims,demon1,chamber,,non-duelist,1373.27,0.59,0.547,False
demon1-s-chamber-is-pure-aggression-mvp-25-elims,demon1,chamber,,non-duelist,1439.13,15.22,0.582,True
demon1-s-chamber-is-pure-aggression-mvp-25-elims,demon1,chamber,,non-duelist,1518.63,4.33,0.485,False
demon1-s-chamber-is-pure-aggression-mvp-25-elims,demon1,chamber,,non-duelist,1552.57,2.18,0.558,True
demon1-s-chamber-is-pure-aggression-mvp-25-elims,demon1,chamber,,non-duelist,1583.13,2.59,0.595,False
demon1-s-chamber-is-pure-aggression-mvp-25-elims,demon1,chamber,,non-duelist,1725.17,8.42,0.714,True
demon1-s-chamber-is-pure-aggression-mvp-25-elims,demon1,chamber,,non-duelist,1726.77,7.7,0.448,False
demon1-s-chamber-is-pure-aggression-mvp-25-elims,demon1,chamber,,non-duelist,1784.9,2.3,0.603,True
demon1-s-chamber-is-pure-aggression-mvp-25-elims,demon1,chamber,,non-duelist,1786.13,12.6,0.613,True
demon1-s-chamber-is-pure-aggression-mvp-25-elims,demon1,chamber,,non-duelist,1821.5,0.62,0.408,True
demon1-s-chamber-is-pure-aggression-mvp-25-elims,demon1,chamber,,non-duelist,1823.33,0.3,0.459,False
demon1-s-chamber-is-pure-aggression-mvp-25-elims,demon1,chamber,,non-duelist,2043.57,0.29,0.46,False
demon1-s-chamber-is-pure-aggression-mvp-25-elims,demon1,chamber,,non-duelist,2163.87,13.0,0.75,False
demon1-s-chamber-is-pure-aggression-mvp-25-elims,demon1,chamber,,non-duelist,2261.77,9.96,0.5,False
demon1-s-chamber-is-pure-aggression-mvp-25-elims,demon1,chamber,,non-duelist,2360.17,22.53,0.512,True
demon1-s-omen-is-a-masterclass-the-champions-mvp-shows-his-range-envy-2026,demon1,omen,,non-duelist,2.73,1.62,0.464,False
demon1-s-omen-is-a-masterclass-the-champions-mvp-shows-his-range-envy-2026,demon1,omen,,non-duelist,81.67,1.65,0.432,False
demon1-s-omen-is-a-masterclass-the-champions-mvp-shows-his-range-envy-2026,demon1,omen,,non-duelist,149.47,1.86,0.442,False
demon1-s-omen-is-a-masterclass-the-champions-mvp-shows-his-range-envy-2026,demon1,omen,,non-duelist,167.63,7.88,0.476,False
demon1-s-omen-is-a-masterclass-the-champions-mvp-shows-his-range-envy-2026,demon1,omen,,non-duelist,220.67,15.9,0.457,False
demon1-s-omen-is-a-masterclass-the-champions-mvp-shows-his-range-envy-2026,demon1,omen,,non-duelist,221.47,6.86,0.542,False
demon1-s-omen-is-a-masterclass-the-champions-mvp-shows-his-range-envy-2026,demon1,omen,,non-duelist,291.37,24.41,0.608,False
demon1-s-omen-is-a-masterclass-the-champions-mvp-shows-his-range-envy-2026,demon1,omen,,non-duelist,292.2,3.35,0.419,False
demon1-s-omen-is-a-masterclass-the-champions-mvp-shows-his-range-envy-2026,demon1,omen,,non-duelist,293.0,2.03,0.431,True
demon1-s-omen-is-a-masterclass-the-champions-mvp-shows-his-range-envy-2026,demon1,omen,,non-duelist,544.73,11.61,0.472,False
demon1-s-omen-is-a-masterclass-the-champions-mvp-shows-his-range-envy-2026,demon1,omen,,non-duelist,552.3,13.22,0.657,False
demon1-s-omen-is-a-masterclass-the-champions-mvp-shows-his-range-envy-2026,demon1,omen,,non-duelist,555.07,5.86,0.563,False
demon1-s-omen-is-a-masterclass-the-champions-mvp-shows-his-range-envy-2026,demon1,omen,,non-duelist,638.47,0.59,0.608,False
demon1-s-omen-is-a-masterclass-the-champions-mvp-shows-his-range-envy-2026,demon1,omen,,non-duelist,651.8,0.45,0.446,False
demon1-s-omen-is-a-masterclass-the-champions-mvp-shows-his-range-envy-2026,demon1,omen,,non-duelist,830.2,4.62,0.695,False
demon1-s-omen-is-a-masterclass-the-champions-mvp-shows-his-range-envy-2026,demon1,omen,,non-duelist,841.23,7.78,0.422,False
demon1-s-omen-is-a-masterclass-the-champions-mvp-shows-his-range-envy-2026,demon1,omen,,non-duelist,842.73,2.17,0.463,False
demon1-s-omen-is-a-masterclass-the-champions-mvp-shows-his-range-envy-2026,demon1,omen,,non-duelist,915.33,0.72,0.407,False
demon1-s-omen-is-a-masterclass-the-champions-mvp-shows-his-range-envy-2026,demon1,omen,,non-duelist,1096.83,1.88,0.416,False
demon1-s-omen-is-a-masterclass-the-champions-mvp-shows-his-range-envy-2026,demon1,omen,,non-duelist,1195.6,2.2,0.712,False
demon1-s-omen-is-a-masterclass-the-champions-mvp-shows-his-range-envy-2026,demon1,omen,,non-duelist,1260.8,0.76,0.461,True
demon1-s-omen-is-a-masterclass-the-champions-mvp-shows-his-range-envy-2026,demon1,omen,,non-duelist,1262.93,11.52,0.745,True
demon1-s-omen-is-a-masterclass-the-champions-mvp-shows-his-range-envy-2026,demon1,omen,,non-duelist,1263.5,2.78,0.478,False
demon1-s-omen-is-a-masterclass-the-champions-mvp-shows-his-range-envy-2026,demon1,omen,,non-duelist,1279.93,12.95,0.467,False
demon1-s-omen-is-a-masterclass-the-champions-mvp-shows-his-range-envy-2026,demon1,omen,,non-duelist,1422.4,13.52,0.703,False
demon1-s-omen-is-a-masterclass-the-champions-mvp-shows-his-range-envy-2026,demon1,omen,,non-duelist,1428.13,4.17,0.79,True
demon1-s-omen-is-a-masterclass-the-champions-mvp-shows-his-range-envy-2026,demon1,omen,,non-duelist,1437.3,0.86,0.552,False
demon1-s-omen-is-a-masterclass-the-champions-mvp-shows-his-range-envy-2026,demon1,omen,,non-duelist,1506.17,1.55,0.481,False
demon1-s-omen-is-a-masterclass-the-champions-mvp-shows-his-range-envy-2026,demon1,omen,,non-duelist,1583.93,29.42,0.516,False
demon1-s-omen-is-a-masterclass-the-champions-mvp-shows-his-range-envy-2026,demon1,omen,,non-duelist,1743.27,0.66,0.636,False
demon1-s-omen-is-a-masterclass-the-champions-mvp-shows-his-range-envy-2026,demon1,omen,,non-duelist,1776.93,4.86,0.505,False
demon1-s-omen-is-a-masterclass-the-champions-mvp-shows-his-range-envy-2026,demon1,omen,,non-duelist,1864.7,2.0,0.439,False
demon1-s-omen-is-a-masterclass-the-champions-mvp-shows-his-range-envy-2026,demon1,omen,,non-duelist,2001.63,2.78,0.419,False
demon1-s-omen-is-a-masterclass-the-champions-mvp-shows-his-range-envy-2026,demon1,omen,,non-duelist,2187.77,1.64,0.552,False
demon1-s-omen-is-a-masterclass-the-champions-mvp-shows-his-range-envy-2026,demon1,omen,,non-duelist,2191.5,0.85,0.497,False
demon1_chamber,,,,,1.57,4.1,0.499,False
demon1_chamber,,,,,81.67,1.35,0.626,False
demon1_chamber,,,,,317.94,20.92,0.653,True
demon1_chamber,,,,,321.9,0.66,0.568,True
demon1_chamber,,,,,403.84,1.54,0.699,False
demon1_chamber,,,,,656.11,9.51,0.724,False
demon1_chamber,,,,,957.75,19.77,0.568,False
demon1_chamber,,,,,1040.15,2.12,0.655,False
demon1_chamber,,,,,1044.91,4.88,0.413,False
demon1_chamber,,,,,1045.88,10.1,0.652,False
demon1_chamber,,,,,1237.28,3.52,0.694,False
demon1_chamber,,,,,1242.18,2.21,0.465,False
demon1_chamber,,,,,1364.69,13.47,0.753,False
demon1_chamber,,,,,1515.72,26.79,0.412,True
demon1_chamber,,,,,1516.39,21.55,0.753,False
demon1_chamber,,,,,1588.22,10.28,0.403,True
demon1_chamber,,,,,1889.46,3.22,0.634,True
demon1_chamber,,,,,1890.83,0.64,0.569,False
demon1_chamber,,,,,1905.09,2.01,0.412,True
derrek-proves-why-he-s-a-top-5-sova-in-na-mvp-gameplay,derrek,sova,,non-duelist,0.27,0.72,0.613,True
derrek-proves-why-he-s-a-top-5-sova-in-na-mvp-gameplay,derrek,sova,,non-duelist,83.07,1.78,0.637,True
derrek-proves-why-he-s-a-top-5-sova-in-na-mvp-gameplay,derrek,sova,,non-duelist,327.77,7.54,0.747,False
derrek-proves-why-he-s-a-top-5-sova-in-na-mvp-gameplay,derrek,sova,,non-duelist,574.0,15.5,0.403,False
derrek-proves-why-he-s-a-top-5-sova-in-na-mvp-gameplay,derrek,sova,,non-duelist,574.87,15.05,0.51,False
derrek-proves-why-he-s-a-top-5-sova-in-na-mvp-gameplay,derrek,sova,,non-duelist,585.87,4.46,0.403,True
derrek-proves-why-he-s-a-top-5-sova-in-na-mvp-gameplay,derrek,sova,,non-duelist,779.87,0.57,0.529,False
derrek-proves-why-he-s-a-top-5-sova-in-na-mvp-gameplay,derrek,sova,,non-duelist,830.37,11.81,0.687,True
derrek-proves-why-he-s-a-top-5-sova-in-na-mvp-gameplay,derrek,sova,,non-duelist,832.13,1.98,0.494,False
derrek-proves-why-he-s-a-top-5-sova-in-na-mvp-gameplay,derrek,sova,,non-duelist,930.87,19.71,0.464,True
derrek-proves-why-he-s-a-top-5-sova-in-na-mvp-gameplay,derrek,sova,,non-duelist,1039.77,6.66,0.497,True
derrek-proves-why-he-s-a-top-5-sova-in-na-mvp-gameplay,derrek,sova,,non-duelist,1053.47,1.51,0.531,True
derrek-proves-why-he-s-a-top-5-sova-in-na-mvp-gameplay,derrek,sova,,non-duelist,1235.4,1.53,0.595,False
derrek-proves-why-he-s-a-top-5-sova-in-na-mvp-gameplay,derrek,sova,,non-duelist,1236.97,4.32,0.688,False
derrek-proves-why-he-s-a-top-5-sova-in-na-mvp-gameplay,derrek,sova,,non-duelist,1347.83,5.61,0.707,True
derrek-proves-why-he-s-a-top-5-sova-in-na-mvp-gameplay,derrek,sova,,non-duelist,1348.9,48.77,0.508,True
derrek-proves-why-he-s-a-top-5-sova-in-na-mvp-gameplay,derrek,sova,,non-duelist,1442.87,7.47,0.521,True
derrek-proves-why-he-s-a-top-5-sova-in-na-mvp-gameplay,derrek,sova,,non-duelist,1524.03,5.28,0.403,False
derrek-proves-why-he-s-a-top-5-sova-in-na-mvp-gameplay,derrek,sova,,non-duelist,1576.8,2.82,0.442,True
derrek-proves-why-he-s-a-top-5-sova-in-na-mvp-gameplay,derrek,sova,,non-duelist,1659.07,8.44,0.455,True
derrek-proves-why-he-s-a-top-5-sova-in-na-mvp-gameplay,derrek,sova,,non-duelist,1782.93,6.15,0.698,True
derrek-s-fade-is-a-masterclass-mvp-performance-valorant-2026,derrek,fade,,non-duelist,34.7,4.21,0.649,True
derrek-s-fade-is-a-masterclass-mvp-performance-valorant-2026,derrek,fade,,non-duelist,152.07,2.43,0.704,False
derrek-s-fade-is-a-masterclass-mvp-performance-valorant-2026,derrek,fade,,non-duelist,243.97,18.46,0.501,True
derrek-s-fade-is-a-masterclass-mvp-performance-valorant-2026,derrek,fade,,non-duelist,293.1,0.41,0.513,True
derrek-s-fade-is-a-masterclass-mvp-performance-valorant-2026,derrek,fade,,non-duelist,354.9,1.22,0.533,False
derrek-s-fade-is-a-masterclass-mvp-performance-valorant-2026,derrek,fade,,non-duelist,522.53,0.49,0.413,False
derrek-s-fade-is-a-masterclass-mvp-performance-valorant-2026,derrek,fade,,non-duelist,583.13,4.24,0.461,False
derrek-s-fade-is-a-masterclass-mvp-performance-valorant-2026,derrek,fade,,non-duelist,662.13,0.38,0.527,False
derrek-s-fade-is-a-masterclass-mvp-performance-valorant-2026,derrek,fade,,non-duelist,827.43,2.73,0.595,False
derrek-s-fade-is-a-masterclass-mvp-performance-valorant-2026,derrek,fade,,non-duelist,828.7,1.61,0.46,False
derrek-s-fade-is-a-masterclass-mvp-performance-valorant-2026,derrek,fade,,non-duelist,890.5,25.28,0.457,False
derrek-s-fade-is-a-masterclass-mvp-performance-valorant-2026,derrek,fade,,non-duelist,921.5,1.73,0.441,False
derrek-s-fade-is-a-masterclass-mvp-performance-valorant-2026,derrek,fade,,non-duelist,934.03,0.43,0.538,False
derrek-s-fade-is-a-masterclass-mvp-performance-valorant-2026,derrek,fade,,non-duelist,937.7,16.15,0.546,False
derrek-s-fade-is-a-masterclass-mvp-performance-valorant-2026,derrek,fade,,non-duelist,942.97,0.8,0.499,False
derrek-s-fade-is-a-masterclass-mvp-performance-valorant-2026,derrek,fade,,non-duelist,1168.33,15.5,0.496,False
derrek-s-fade-is-a-masterclass-mvp-performance-valorant-2026,derrek,fade,,non-duelist,1177.5,2.08,0.536,False
derrek-s-fade-is-a-masterclass-mvp-performance-valorant-2026,derrek,fade,,non-duelist,1389.9,0.68,0.614,False
derrek-s-fade-is-a-masterclass-mvp-performance-valorant-2026,derrek,fade,,non-duelist,1655.83,2.33,0.549,False
derrek-s-fade-is-a-masterclass-mvp-performance-valorant-2026,derrek,fade,,non-duelist,1793.3,15.87,0.564,False
derrek-s-fade-is-a-masterclass-mvp-performance-valorant-2026,derrek,fade,,non-duelist,1795.37,3.77,0.41,False
duelist-carry-c9-oxy-reyna-valorant-pro-gameplay-mvp,oxy,reyna,,duelist,17.63,13.61,0.764,False
duelist-carry-c9-oxy-reyna-valorant-pro-gameplay-mvp,oxy,reyna,,duelist,33.07,0.51,0.444,True
duelist-carry-c9-oxy-reyna-valorant-pro-gameplay-mvp,oxy,reyna,,duelist,95.97,1.84,0.518,False
duelist-carry-c9-oxy-reyna-valorant-pro-gameplay-mvp,oxy,reyna,,duelist,112.83,9.73,0.66,False
duelist-carry-c9-oxy-reyna-valorant-pro-gameplay-mvp,oxy,reyna,,duelist,130.33,1.31,0.405,False
duelist-carry-c9-oxy-reyna-valorant-pro-gameplay-mvp,oxy,reyna,,duelist,207.9,1.24,0.418,True
duelist-carry-c9-oxy-reyna-valorant-pro-gameplay-mvp,oxy,reyna,,duelist,273.33,5.2,0.496,True
duelist-carry-c9-oxy-reyna-valorant-pro-gameplay-mvp,oxy,reyna,,duelist,275.1,3.39,0.415,True
duelist-carry-c9-oxy-reyna-valorant-pro-gameplay-mvp,oxy,reyna,,duelist,280.5,2.86,0.516,True
duelist-carry-c9-oxy-reyna-valorant-pro-gameplay-mvp,oxy,reyna,,duelist,286.6,0.59,0.521,True
duelist-carry-c9-oxy-reyna-valorant-pro-gameplay-mvp,oxy,reyna,,duelist,287.93,0.29,0.418,True
duelist-carry-c9-oxy-reyna-valorant-pro-gameplay-mvp,oxy,reyna,,duelist,422.93,3.86,0.535,True
duelist-carry-c9-oxy-reyna-valorant-pro-gameplay-mvp,oxy,reyna,,duelist,424.0,2.18,0.438,True
duelist-carry-c9-oxy-reyna-valorant-pro-gameplay-mvp,oxy,reyna,,duelist,504.9,7.25,0.528,True
duelist-carry-c9-oxy-reyna-valorant-pro-gameplay-mvp,oxy,reyna,,duelist,572.2,0.39,0.536,False
duelist-carry-c9-oxy-reyna-valorant-pro-gameplay-mvp,oxy,reyna,,duelist,573.43,5.61,0.403,False
duelist-carry-c9-oxy-reyna-valorant-pro-gameplay-mvp,oxy,reyna,,duelist,586.1,7.56,0.534,True
duelist-carry-c9-oxy-reyna-valorant-pro-gameplay-mvp,oxy,reyna,,duelist,590.13,2.26,0.415,False
duelist-carry-c9-oxy-reyna-valorant-pro-gameplay-mvp,oxy,reyna,,duelist,645.27,0.28,0.412,False
duelist-carry-c9-oxy-reyna-valorant-pro-gameplay-mvp,oxy,reyna,,duelist,648.37,1.82,0.407,True
duelist-carry-c9-oxy-reyna-valorant-pro-gameplay-mvp,oxy,reyna,,duelist,669.07,6.27,0.665,True
duelist-carry-c9-oxy-reyna-valorant-pro-gameplay-mvp,oxy,reyna,,duelist,737.0,2.15,0.412,False
duelist-carry-c9-oxy-reyna-valorant-pro-gameplay-mvp,oxy,reyna,,duelist,746.87,3.21,0.496,False
duelist-carry-c9-oxy-reyna-valorant-pro-gameplay-mvp,oxy,reyna,,duelist,811.17,4.79,0.684,False
duelist-carry-c9-oxy-reyna-valorant-pro-gameplay-mvp,oxy,reyna,,duelist,822.6,2.08,0.442,True
duelist-carry-c9-oxy-reyna-valorant-pro-gameplay-mvp,oxy,reyna,,duelist,882.3,1.87,0.638,False
duelist-carry-c9-oxy-reyna-valorant-pro-gameplay-mvp,oxy,reyna,,duelist,883.73,1.02,0.58,True
duelist-carry-c9-oxy-reyna-valorant-pro-gameplay-mvp,oxy,reyna,,duelist,990.67,2.38,0.546,True
duelist-carry-c9-oxy-reyna-valorant-pro-gameplay-mvp,oxy,reyna,,duelist,993.23,0.74,0.549,True
duelist-carry-c9-oxy-reyna-valorant-pro-gameplay-mvp,oxy,reyna,,duelist,999.2,18.14,0.569,True
duelist-carry-c9-oxy-reyna-valorant-pro-gameplay-mvp,oxy,reyna,,duelist,1059.23,3.11,0.419,True
duelist-carry-c9-oxy-reyna-valorant-pro-gameplay-mvp,oxy,reyna,,duelist,1128.23,0.68,0.463,False
duelist-carry-c9-oxy-reyna-valorant-pro-gameplay-mvp,oxy,reyna,,duelist,1129.47,0.65,0.413,False
duelist-carry-c9-oxy-reyna-valorant-pro-gameplay-mvp,oxy,reyna,,duelist,1276.17,5.58,0.564,True
duelist-carry-c9-oxy-reyna-valorant-pro-gameplay-mvp,oxy,reyna,,duelist,1382.33,21.96,0.413,False
duelist-carry-c9-oxy-reyna-valorant-pro-gameplay-mvp,oxy,reyna,,duelist,1581.73,1.64,0.614,True
duelist-carry-c9-oxy-reyna-valorant-pro-gameplay-mvp,oxy,reyna,,duelist,1583.33,15.04,0.62,True
duelist-carry-c9-oxy-reyna-valorant-pro-gameplay-mvp,oxy,reyna,,duelist,1591.47,3.41,0.441,True
eggsterr-proves-why-he-s-the-best-yoru-in-the-world-30-kills-mvp,eggsterr,yoru,,duelist,22.13,12.19,0.603,False
eggsterr-proves-why-he-s-the-best-yoru-in-the-world-30-kills-mvp,eggsterr,yoru,,duelist,24.93,21.45,0.785,True
eggsterr-proves-why-he-s-the-best-yoru-in-the-world-30-kills-mvp,eggsterr,yoru,,duelist,48.8,0.39,0.731,False
eggsterr-proves-why-he-s-the-best-yoru-in-the-world-30-kills-mvp,eggsterr,yoru,,duelist,90.7,7.23,0.499,False
eggsterr-proves-why-he-s-the-best-yoru-in-the-world-30-kills-mvp,eggsterr,yoru,,duelist,91.87,2.59,0.637,False
eggsterr-proves-why-he-s-the-best-yoru-in-the-world-30-kills-mvp,eggsterr,yoru,,duelist,94.03,1.47,0.535,False
eggsterr-proves-why-he-s-the-best-yoru-in-the-world-30-kills-mvp,eggsterr,yoru,,duelist,160.33,0.52,0.412,False
eggsterr-proves-why-he-s-the-best-yoru-in-the-world-30-kills-mvp,eggsterr,yoru,,duelist,162.93,15.73,0.575,False
eggsterr-proves-why-he-s-the-best-yoru-in-the-world-30-kills-mvp,eggsterr,yoru,,duelist,174.07,13.48,0.791,False
eggsterr-proves-why-he-s-the-best-yoru-in-the-world-30-kills-mvp,eggsterr,yoru,,duelist,255.1,2.71,0.473,False
eggsterr-proves-why-he-s-the-best-yoru-in-the-world-30-kills-mvp,eggsterr,yoru,,duelist,264.87,0.84,0.469,False
eggsterr-proves-why-he-s-the-best-yoru-in-the-world-30-kills-mvp,eggsterr,yoru,,duelist,495.6,28.0,0.557,False
eggsterr-proves-why-he-s-the-best-yoru-in-the-world-30-kills-mvp,eggsterr,yoru,,duelist,553.13,3.79,0.493,False
eggsterr-proves-why-he-s-the-best-yoru-in-the-world-30-kills-mvp,eggsterr,yoru,,duelist,568.4,7.29,0.462,False
eggsterr-proves-why-he-s-the-best-yoru-in-the-world-30-kills-mvp,eggsterr,yoru,,duelist,697.1,1.23,0.488,False
eggsterr-proves-why-he-s-the-best-yoru-in-the-world-30-kills-mvp,eggsterr,yoru,,duelist,844.63,0.34,0.593,False
eggsterr-proves-why-he-s-the-best-yoru-in-the-world-30-kills-mvp,eggsterr,yoru,,duelist,908.63,3.2,0.415,True
eggsterr-proves-why-he-s-the-best-yoru-in-the-world-30-kills-mvp,eggsterr,yoru,,duelist,921.93,1.79,0.481,False
eggsterr-proves-why-he-s-the-best-yoru-in-the-world-30-kills-mvp,eggsterr,yoru,,duelist,934.37,0.27,0.504,False
eggsterr-proves-why-he-s-the-best-yoru-in-the-world-30-kills-mvp,eggsterr,yoru,,duelist,1010.23,4.49,0.785,True
eggsterr-proves-why-he-s-the-best-yoru-in-the-world-30-kills-mvp,eggsterr,yoru,,duelist,1011.03,3.41,0.583,True
eggsterr-proves-why-he-s-the-best-yoru-in-the-world-30-kills-mvp,eggsterr,yoru,,duelist,1055.67,14.67,0.612,False
eggsterr-proves-why-he-s-the-best-yoru-in-the-world-30-kills-mvp,eggsterr,yoru,,duelist,1431.63,2.31,0.406,False
eggsterr-proves-why-he-s-the-best-yoru-in-the-world-30-kills-mvp,eggsterr,yoru,,duelist,1457.2,41.41,0.458,False
eggsterr-proves-why-he-s-the-best-yoru-in-the-world-30-kills-mvp,eggsterr,yoru,,duelist,1483.17,22.82,0.55,False
eggsterr-proves-why-he-s-the-best-yoru-in-the-world-30-kills-mvp,eggsterr,yoru,,duelist,1484.1,1.81,0.552,False
eggsterr-proves-why-he-s-the-best-yoru-in-the-world-30-kills-mvp,eggsterr,yoru,,duelist,1567.73,0.72,0.526,True
eggsterr-proves-why-he-s-the-best-yoru-in-the-world-30-kills-mvp,eggsterr,yoru,,duelist,1637.97,24.41,0.44,True
eggsterr-proves-why-he-s-the-best-yoru-in-the-world-30-kills-mvp,eggsterr,yoru,,duelist,1759.8,2.3,0.636,False
eggsterr-proves-why-he-s-the-best-yoru-in-the-world-30-kills-mvp,eggsterr,yoru,,duelist,1858.63,3.58,0.458,False
eggsterr-proves-why-he-s-the-best-yoru-in-the-world-30-kills-mvp,eggsterr,yoru,,duelist,1866.53,2.3,0.409,False
eggsterr-proves-why-he-s-the-best-yoru-in-the-world-30-kills-mvp,eggsterr,yoru,,duelist,1912.93,17.01,0.413,False
eggsterr-proves-why-he-s-the-best-yoru-in-the-world-30-kills-mvp,eggsterr,yoru,,duelist,1918.2,3.43,0.487,True
eggsterr-proves-why-he-s-the-best-yoru-in-the-world-30-kills-mvp,eggsterr,yoru,,duelist,2049.67,23.19,0.792,False
envy-demon1-s-sova-is-a-200-iq-recon-masterclass-valorant-gameplay,demon1,sova,,non-duelist,13.77,22.59,0.476,True
envy-demon1-s-sova-is-a-200-iq-recon-masterclass-valorant-gameplay,demon1,sova,,non-duelist,23.13,2.87,0.572,True
envy-demon1-s-sova-is-a-200-iq-recon-masterclass-valorant-gameplay,demon1,sova,,non-duelist,88.23,6.66,0.5,False
envy-demon1-s-sova-is-a-200-iq-recon-masterclass-valorant-gameplay,demon1,sova,,non-duelist,145.33,3.24,0.503,False
envy-demon1-s-sova-is-a-200-iq-recon-masterclass-valorant-gameplay,demon1,sova,,non-duelist,302.53,8.49,0.416,False
envy-demon1-s-sova-is-a-200-iq-recon-masterclass-valorant-gameplay,demon1,sova,,non-duelist,335.93,0.29,0.453,False
envy-demon1-s-sova-is-a-200-iq-recon-masterclass-valorant-gameplay,demon1,sova,,non-duelist,343.0,9.55,0.59,False
envy-demon1-s-sova-is-a-200-iq-recon-masterclass-valorant-gameplay,demon1,sova,,non-duelist,421.33,1.08,0.468,False
envy-demon1-s-sova-is-a-200-iq-recon-masterclass-valorant-gameplay,demon1,sova,,non-duelist,468.4,3.76,0.506,False
envy-demon1-s-sova-is-a-200-iq-recon-masterclass-valorant-gameplay,demon1,sova,,non-duelist,545.77,43.34,0.464,False
envy-demon1-s-sova-is-a-200-iq-recon-masterclass-valorant-gameplay,demon1,sova,,non-duelist,624.13,8.61,0.499,True
envy-demon1-s-sova-is-a-200-iq-recon-masterclass-valorant-gameplay,demon1,sova,,non-duelist,642.23,1.89,0.558,False
envy-demon1-s-sova-is-a-200-iq-recon-masterclass-valorant-gameplay,demon1,sova,,non-duelist,655.03,2.32,0.429,False
envy-demon1-s-sova-is-a-200-iq-recon-masterclass-valorant-gameplay,demon1,sova,,non-duelist,669.23,3.06,0.653,True
envy-demon1-s-sova-is-a-200-iq-recon-masterclass-valorant-gameplay,demon1,sova,,non-duelist,669.93,0.64,0.614,True
envy-demon1-s-sova-is-a-200-iq-recon-masterclass-valorant-gameplay,demon1,sova,,non-duelist,761.03,0.62,0.403,False
envy-demon1-s-sova-is-a-200-iq-recon-masterclass-valorant-gameplay,demon1,sova,,non-duelist,833.97,3.58,0.497,True
envy-demon1-s-sova-is-a-200-iq-recon-masterclass-valorant-gameplay,demon1,sova,,non-duelist,878.53,6.56,0.462,False
envy-demon1-s-sova-is-a-200-iq-recon-masterclass-valorant-gameplay,demon1,sova,,non-duelist,1015.8,2.12,0.486,False
envy-demon1-s-sova-is-a-200-iq-recon-masterclass-valorant-gameplay,demon1,sova,,non-duelist,1071.03,1.54,0.514,False
envy-demon1-s-sova-is-a-200-iq-recon-masterclass-valorant-gameplay,demon1,sova,,non-duelist,1076.07,3.88,0.634,False
envy-demon1-s-sova-is-a-200-iq-recon-masterclass-valorant-gameplay,demon1,sova,,non-duelist,1130.37,1.2,0.463,False
envy-demon1-s-sova-is-a-200-iq-recon-masterclass-valorant-gameplay,demon1,sova,,non-duelist,1142.93,0.94,0.489,False
fade-is-unstopable-tl-nats-pro-fade-valorant-ranked-gameplay,nats,fade,,non-duelist,23.83,6.66,0.628,True
fade-is-unstopable-tl-nats-pro-fade-valorant-ranked-gameplay,nats,fade,,non-duelist,87.17,9.23,0.638,True
fade-is-unstopable-tl-nats-pro-fade-valorant-ranked-gameplay,nats,fade,,non-duelist,179.77,5.79,0.518,False
fade-is-unstopable-tl-nats-pro-fade-valorant-ranked-gameplay,nats,fade,,non-duelist,180.77,0.56,0.661,False
fade-is-unstopable-tl-nats-pro-fade-valorant-ranked-gameplay,nats,fade,,non-duelist,240.03,19.09,0.571,False
fade-is-unstopable-tl-nats-pro-fade-valorant-ranked-gameplay,nats,fade,,non-duelist,318.23,2.39,0.714,False
fade-is-unstopable-tl-nats-pro-fade-valorant-ranked-gameplay,nats,fade,,non-duelist,326.7,5.73,0.604,False
fade-is-unstopable-tl-nats-pro-fade-valorant-ranked-gameplay,nats,fade,,non-duelist,330.0,5.42,0.444,True
fade-is-unstopable-tl-nats-pro-fade-valorant-ranked-gameplay,nats,fade,,non-duelist,332.33,7.07,0.537,True
fade-is-unstopable-tl-nats-pro-fade-valorant-ranked-gameplay,nats,fade,,non-duelist,345.37,1.97,0.552,False
fade-is-unstopable-tl-nats-pro-fade-valorant-ranked-gameplay,nats,fade,,non-duelist,406.87,1.57,0.425,False
fade-is-unstopable-tl-nats-pro-fade-valorant-ranked-gameplay,nats,fade,,non-duelist,414.57,6.7,0.41,True
fade-is-unstopable-tl-nats-pro-fade-valorant-ranked-gameplay,nats,fade,,non-duelist,562.77,1.2,0.426,False
fade-is-unstopable-tl-nats-pro-fade-valorant-ranked-gameplay,nats,fade,,non-duelist,657.63,2.71,0.611,False
fade-is-unstopable-tl-nats-pro-fade-valorant-ranked-gameplay,nats,fade,,non-duelist,723.23,2.8,0.454,False
fade-is-unstopable-tl-nats-pro-fade-valorant-ranked-gameplay,nats,fade,,non-duelist,938.73,1.15,0.607,False
fade-is-unstopable-tl-nats-pro-fade-valorant-ranked-gameplay,nats,fade,,non-duelist,946.1,0.38,0.465,False
fade-is-unstopable-tl-nats-pro-fade-valorant-ranked-gameplay,nats,fade,,non-duelist,1040.5,2.0,0.488,True
fade-is-unstopable-tl-nats-pro-fade-valorant-ranked-gameplay,nats,fade,,non-duelist,1042.43,3.42,0.587,False
fade-is-unstopable-tl-nats-pro-fade-valorant-ranked-gameplay,nats,fade,,non-duelist,1089.13,15.14,0.425,False
fade-is-unstopable-tl-nats-pro-fade-valorant-ranked-gameplay,nats,fade,,non-duelist,1114.23,4.72,0.501,False
fade-is-unstopable-tl-nats-pro-fade-valorant-ranked-gameplay,nats,fade,,non-duelist,1167.33,13.62,0.49,False
fade-is-unstopable-tl-nats-pro-fade-valorant-ranked-gameplay,nats,fade,,non-duelist,1182.57,15.38,0.514,False
fade-is-unstopable-tl-nats-pro-fade-valorant-ranked-gameplay,nats,fade,,non-duelist,1366.43,1.2,0.489,False
fade-is-unstopable-tl-nats-pro-fade-valorant-ranked-gameplay,nats,fade,,non-duelist,1395.93,0.44,0.491,False
fade-is-unstopable-tl-nats-pro-fade-valorant-ranked-gameplay,nats,fade,,non-duelist,1693.43,1.84,0.565,False
fade-is-unstopable-tl-nats-pro-fade-valorant-ranked-gameplay,nats,fade,,non-duelist,1776.47,4.23,0.442,False
fade-is-unstopable-tl-nats-pro-fade-valorant-ranked-gameplay,nats,fade,,non-duelist,1824.37,2.95,0.413,False
fade-is-unstopable-tl-nats-pro-fade-valorant-ranked-gameplay,nats,fade,,non-duelist,1827.87,15.92,0.637,True
fade-is-unstopable-tl-nats-pro-fade-valorant-ranked-gameplay,nats,fade,,non-duelist,1829.5,9.61,0.593,False
fade-is-unstopable-tl-nats-pro-fade-valorant-ranked-gameplay,nats,fade,,non-duelist,2043.8,2.71,0.792,False
fade-is-unstopable-tl-nats-pro-fade-valorant-ranked-gameplay,nats,fade,,non-duelist,2228.37,0.31,0.422,False
fade-is-unstopable-tl-nats-pro-fade-valorant-ranked-gameplay,nats,fade,,non-duelist,2239.53,0.44,0.429,False
fade-is-unstopable-tl-nats-pro-fade-valorant-ranked-gameplay,nats,fade,,non-duelist,2362.0,4.3,0.427,False
fade-is-unstopable-tl-nats-pro-fade-valorant-ranked-gameplay,nats,fade,,non-duelist,2394.1,38.44,0.694,False
fade-is-unstopable-tl-nats-pro-fade-valorant-ranked-gameplay,nats,fade,,non-duelist,2400.0,1.23,0.497,True
fade-is-unstopable-tl-nats-pro-fade-valorant-ranked-gameplay,nats,fade,,non-duelist,2403.03,1.95,0.573,False
florescent-insane-jett-valorant-radiant-ranked,florescent,jett,,duelist,19.67,0.3,0.49,True
florescent-insane-jett-valorant-radiant-ranked,florescent,jett,,duelist,196.0,8.17,0.536,True
florescent-insane-jett-valorant-radiant-ranked,florescent,jett,,duelist,206.7,2.3,0.505,False
florescent-insane-jett-valorant-radiant-ranked,florescent,jett,,duelist,219.47,3.15,0.527,True
florescent-insane-jett-valorant-radiant-ranked,florescent,jett,,duelist,220.13,1.77,0.409,True
florescent-insane-jett-valorant-radiant-ranked,florescent,jett,,duelist,242.2,2.98,0.609,True
florescent-insane-jett-valorant-radiant-ranked,florescent,jett,,duelist,317.83,0.95,0.593,True
florescent-insane-jett-valorant-radiant-ranked,florescent,jett,,duelist,370.6,2.26,0.401,True
florescent-insane-jett-valorant-radiant-ranked,florescent,jett,,duelist,507.47,9.0,0.463,True
florescent-insane-jett-valorant-radiant-ranked,florescent,jett,,duelist,509.0,1.72,0.51,True
florescent-insane-jett-valorant-radiant-ranked,florescent,jett,,duelist,579.67,2.09,0.649,True
florescent-insane-jett-valorant-radiant-ranked,florescent,jett,,duelist,649.33,0.63,0.536,True
florescent-insane-jett-valorant-radiant-ranked,florescent,jett,,duelist,715.27,9.01,0.653,False
florescent-insane-jett-valorant-radiant-ranked,florescent,jett,,duelist,724.2,0.68,0.678,False
florescent-insane-jett-valorant-radiant-ranked,florescent,jett,,duelist,729.93,0.76,0.405,False
florescent-insane-jett-valorant-radiant-ranked,florescent,jett,,duelist,889.93,2.32,0.73,False
florescent-insane-jett-valorant-radiant-ranked,florescent,jett,,duelist,1043.8,12.58,0.488,True
florescent-insane-jett-valorant-radiant-ranked,florescent,jett,,duelist,1143.97,0.33,0.407,True
florescent-insane-jett-valorant-radiant-ranked,florescent,jett,,duelist,1322.9,2.12,0.541,False
florescent-insane-jett-valorant-radiant-ranked,florescent,jett,,duelist,1326.63,3.57,0.712,True
florescent-insane-jett-valorant-radiant-ranked,florescent,jett,,duelist,1443.3,6.83,0.467,False
florescent-insane-jett-valorant-radiant-ranked,florescent,jett,,duelist,1496.2,19.26,0.499,True
florescent-insane-jett-valorant-radiant-ranked,florescent,jett,,duelist,1587.8,0.3,0.536,False
florescent-insane-jett-valorant-radiant-ranked,florescent,jett,,duelist,1705.13,1.41,0.667,False
florescent-insane-jett-valorant-radiant-ranked,florescent,jett,,duelist,1759.57,7.46,0.653,True
florescent-insane-jett-valorant-radiant-ranked,florescent,jett,,duelist,1897.83,13.04,0.565,True
florescent-insane-jett-valorant-radiant-ranked,florescent,jett,,duelist,1902.33,3.2,0.45,True
florescent-insane-jett-valorant-radiant-ranked,florescent,jett,,duelist,2204.83,3.5,0.516,True
florescent-insane-jett-valorant-radiant-ranked,florescent,jett,,duelist,2207.93,2.78,0.659,True
florescent-insane-jett-valorant-radiant-ranked,florescent,jett,,duelist,2210.27,2.89,0.641,True
florescent-is-actually-the-best-aimer-32-kills-with-insane-waylay,florescent,waylay,,non-duelist,141.9,1.69,0.493,False
florescent-is-actually-the-best-aimer-32-kills-with-insane-waylay,florescent,waylay,,non-duelist,264.53,3.14,0.466,True
florescent-is-actually-the-best-aimer-32-kills-with-insane-waylay,florescent,waylay,,non-duelist,275.73,16.96,0.498,True
florescent-is-actually-the-best-aimer-32-kills-with-insane-waylay,florescent,waylay,,non-duelist,343.07,1.98,0.714,True
florescent-is-actually-the-best-aimer-32-kills-with-insane-waylay,florescent,waylay,,non-duelist,438.33,7.67,0.792,False
florescent-is-actually-the-best-aimer-32-kills-with-insane-waylay,florescent,waylay,,non-duelist,439.17,11.83,0.764,False
florescent-is-actually-the-best-aimer-32-kills-with-insane-waylay,florescent,waylay,,non-duelist,440.37,3.62,0.775,False
florescent-is-actually-the-best-aimer-32-kills-with-insane-waylay,florescent,waylay,,non-duelist,575.73,1.24,0.514,True
florescent-is-actually-the-best-aimer-32-kills-with-insane-waylay,florescent,waylay,,non-duelist,728.83,37.17,0.647,False
florescent-is-actually-the-best-aimer-32-kills-with-insane-waylay,florescent,waylay,,non-duelist,742.93,3.26,0.791,True
florescent-is-actually-the-best-aimer-32-kills-with-insane-waylay,florescent,waylay,,non-duelist,800.1,10.53,0.568,True
florescent-is-actually-the-best-aimer-32-kills-with-insane-waylay,florescent,waylay,,non-duelist,803.37,5.59,0.57,True
florescent-is-actually-the-best-aimer-32-kills-with-insane-waylay,florescent,waylay,,non-duelist,812.6,13.4,0.508,True
florescent-is-actually-the-best-aimer-32-kills-with-insane-waylay,florescent,waylay,,non-duelist,1197.9,0.92,0.7,True
florescent-is-actually-the-best-aimer-32-kills-with-insane-waylay,florescent,waylay,,non-duelist,1253.53,4.31,0.508,True
florescent-is-actually-the-best-aimer-32-kills-with-insane-waylay,florescent,waylay,,non-duelist,1311.93,2.7,0.527,False
florescent-is-actually-the-best-aimer-32-kills-with-insane-waylay,florescent,waylay,,non-duelist,1317.67,0.59,0.404,False
florescent-is-actually-the-best-aimer-32-kills-with-insane-waylay,florescent,waylay,,non-duelist,1336.77,9.65,0.778,False
florescent-is-actually-the-best-aimer-32-kills-with-insane-waylay,florescent,waylay,,non-duelist,1416.13,5.1,0.61,False
florescent-is-actually-the-best-aimer-32-kills-with-insane-waylay,florescent,waylay,,non-duelist,1532.43,16.21,0.572,False
florescent-is-actually-the-best-aimer-32-kills-with-insane-waylay,florescent,waylay,,non-duelist,1533.2,4.19,0.476,False
florescent-is-actually-the-best-aimer-32-kills-with-insane-waylay,florescent,waylay,,non-duelist,1600.17,2.44,0.677,True
florescent-is-actually-the-best-aimer-32-kills-with-insane-waylay,florescent,waylay,,non-duelist,1620.93,0.4,0.491,True
florescent-is-actually-the-best-aimer-32-kills-with-insane-waylay,florescent,waylay,,non-duelist,1757.77,1.88,0.64,False
florescent-is-actually-the-best-aimer-32-kills-with-insane-waylay,florescent,waylay,,non-duelist,1827.83,1.57,0.615,False
florescent-is-actually-the-best-aimer-32-kills-with-insane-waylay,florescent,waylay,,non-duelist,1951.43,1.85,0.623,True
florescent-is-actually-the-best-aimer-32-kills-with-insane-waylay,florescent,waylay,,non-duelist,2018.13,6.81,0.588,True
florescent-is-actually-the-best-aimer-32-kills-with-insane-waylay,florescent,waylay,,non-duelist,2062.1,1.92,0.803,False
florescent-is-actually-the-best-aimer-32-kills-with-insane-waylay,florescent,waylay,,non-duelist,2271.5,4.59,0.684,True
florescent-is-actually-the-best-aimer-32-kills-with-insane-waylay,florescent,waylay,,non-duelist,2326.5,10.92,0.65,True
florescent-is-actually-the-best-aimer-32-kills-with-insane-waylay,florescent,waylay,,non-duelist,2337.17,21.97,0.78,True
florescent-is-actually-the-best-aimer-32-kills-with-insane-waylay,florescent,waylay,,non-duelist,2387.33,2.04,0.549,False
florescent-is-actually-the-best-aimer-32-kills-with-insane-waylay,florescent,waylay,,non-duelist,2392.87,9.46,0.745,False
florescent-is-actually-the-best-aimer-32-kills-with-insane-waylay,florescent,waylay,,non-duelist,2661.23,4.59,0.409,False
florescent-is-actually-the-best-aimer-32-kills-with-insane-waylay,florescent,waylay,,non-duelist,2763.73,4.41,0.507,True
florescent-is-actually-the-best-aimer-32-kills-with-insane-waylay,florescent,waylay,,non-duelist,2768.03,9.08,0.649,True
florescent-is-actually-the-best-aimer-32-kills-with-insane-waylay,florescent,waylay,,non-duelist,2849.47,9.67,0.524,False
florescent-is-actually-the-best-aimer-32-kills-with-insane-waylay,florescent,waylay,,non-duelist,2878.23,1.52,0.445,True
florescent-is-actually-the-best-aimer-32-kills-with-insane-waylay,florescent,waylay,,non-duelist,2883.8,2.73,0.718,False
florescent-on-raze-28-kills-mvp-too-clean-valorant-ranked-gameplay,florescent,raze,,duelist,5.67,0.63,0.519,False
florescent-on-raze-28-kills-mvp-too-clean-valorant-ranked-gameplay,florescent,raze,,duelist,66.63,1.62,0.566,True
florescent-on-raze-28-kills-mvp-too-clean-valorant-ranked-gameplay,florescent,raze,,duelist,150.47,4.49,0.722,True
florescent-on-raze-28-kills-mvp-too-clean-valorant-ranked-gameplay,florescent,raze,,duelist,184.5,1.06,0.431,False
florescent-on-raze-28-kills-mvp-too-clean-valorant-ranked-gameplay,florescent,raze,,duelist,232.97,5.27,0.516,True
florescent-on-raze-28-kills-mvp-too-clean-valorant-ranked-gameplay,florescent,raze,,duelist,235.7,2.82,0.565,True
florescent-on-raze-28-kills-mvp-too-clean-valorant-ranked-gameplay,florescent,raze,,duelist,333.07,4.05,0.665,False
florescent-on-raze-28-kills-mvp-too-clean-valorant-ranked-gameplay,florescent,raze,,duelist,486.2,20.37,0.606,False
florescent-on-raze-28-kills-mvp-too-clean-valorant-ranked-gameplay,florescent,raze,,duelist,583.6,5.45,0.479,True
florescent-on-raze-28-kills-mvp-too-clean-valorant-ranked-gameplay,florescent,raze,,duelist,598.23,0.71,0.401,False
florescent-on-raze-28-kills-mvp-too-clean-valorant-ranked-gameplay,florescent,raze,,duelist,749.53,1.52,0.731,False
florescent-on-raze-28-kills-mvp-too-clean-valorant-ranked-gameplay,florescent,raze,,duelist,839.47,8.13,0.55,True
florescent-on-raze-28-kills-mvp-too-clean-valorant-ranked-gameplay,florescent,raze,,duelist,896.93,17.08,0.409,True
florescent-on-raze-28-kills-mvp-too-clean-valorant-ranked-gameplay,florescent,raze,,duelist,1010.37,12.82,0.544,True
florescent-on-raze-28-kills-mvp-too-clean-valorant-ranked-gameplay,florescent,raze,,duelist,1225.17,8.96,0.635,False
florescent-on-raze-28-kills-mvp-too-clean-valorant-ranked-gameplay,florescent,raze,,duelist,1347.93,5.53,0.688,True
florescent-on-raze-28-kills-mvp-too-clean-valorant-ranked-gameplay,florescent,raze,,duelist,1509.37,0.74,0.449,False
florescent-on-raze-28-kills-mvp-too-clean-valorant-ranked-gameplay,florescent,raze,,duelist,1699.9,4.38,0.528,False
florescent-on-raze-28-kills-mvp-too-clean-valorant-ranked-gameplay,florescent,raze,,duelist,1711.07,2.07,0.58,False
florescent-on-raze-28-kills-mvp-too-clean-valorant-ranked-gameplay,florescent,raze,,duelist,1729.97,2.06,0.598,False
from-initiator-to-controller-derrek-s-harbor-is-a-problem-2026-gameplay,derrek,harbor,,non-duelist,61.93,11.93,0.573,True
from-initiator-to-controller-derrek-s-harbor-is-a-problem-2026-gameplay,derrek,harbor,,non-duelist,524.2,36.02,0.484,True
from-initiator-to-controller-derrek-s-harbor-is-a-problem-2026-gameplay,derrek,harbor,,non-duelist,537.9,1.11,0.721,True
from-initiator-to-controller-derrek-s-harbor-is-a-problem-2026-gameplay,derrek,harbor,,non-duelist,845.6,20.68,0.625,False
from-initiator-to-controller-derrek-s-harbor-is-a-problem-2026-gameplay,derrek,harbor,,non-duelist,1022.87,3.32,0.694,True
from-initiator-to-controller-derrek-s-harbor-is-a-problem-2026-gameplay,derrek,harbor,,non-duelist,1029.77,6.63,0.443,False
from-initiator-to-controller-derrek-s-harbor-is-a-problem-2026-gameplay,derrek,harbor,,non-duelist,1115.83,1.13,0.521,True
from-initiator-to-controller-derrek-s-harbor-is-a-problem-2026-gameplay,derrek,harbor,,non-duelist,1359.4,29.44,0.45,True
from-initiator-to-controller-derrek-s-harbor-is-a-problem-2026-gameplay,derrek,harbor,,non-duelist,1533.43,0.44,0.454,True
from-initiator-to-controller-derrek-s-harbor-is-a-problem-2026-gameplay,derrek,harbor,,non-duelist,1534.97,1.09,0.563,True
from-initiator-to-controller-derrek-s-harbor-is-a-problem-2026-gameplay,derrek,harbor,,non-duelist,1656.97,2.18,0.409,True
from-initiator-to-controller-derrek-s-harbor-is-a-problem-2026-gameplay,derrek,harbor,,non-duelist,1668.7,1.75,0.728,True
from-initiator-to-controller-derrek-s-harbor-is-a-problem-2026-gameplay,derrek,harbor,,non-duelist,1684.93,41.05,0.622,True
from-initiator-to-controller-derrek-s-harbor-is-a-problem-2026-gameplay,derrek,harbor,,non-duelist,1884.7,22.31,0.489,True
from-initiator-to-controller-derrek-s-harbor-is-a-problem-2026-gameplay,derrek,harbor,,non-duelist,2176.63,29.86,0.422,False
from-initiator-to-controller-derrek-s-harbor-is-a-problem-2026-gameplay,derrek,harbor,,non-duelist,2319.27,3.22,0.68,False
his-gamesense-is-unbeatable-kru-less-mvp-viper-gameplay,less,viper,,non-duelist,76.73,8.82,0.663,False
his-gamesense-is-unbeatable-kru-less-mvp-viper-gameplay,less,viper,,non-duelist,121.17,1.58,0.568,False
his-gamesense-is-unbeatable-kru-less-mvp-viper-gameplay,less,viper,,non-duelist,253.33,0.55,0.533,True
his-gamesense-is-unbeatable-kru-less-mvp-viper-gameplay,less,viper,,non-duelist,608.13,1.55,0.654,False
his-gamesense-is-unbeatable-kru-less-mvp-viper-gameplay,less,viper,,non-duelist,609.17,3.23,0.613,False
his-gamesense-is-unbeatable-kru-less-mvp-viper-gameplay,less,viper,,non-duelist,897.5,0.94,0.512,False
his-gamesense-is-unbeatable-kru-less-mvp-viper-gameplay,less,viper,,non-duelist,986.33,0.23,0.422,False
his-gamesense-is-unbeatable-kru-less-mvp-viper-gameplay,less,viper,,non-duelist,1572.83,3.31,0.414,True
his-gamesense-is-unbeatable-kru-less-mvp-viper-gameplay,less,viper,,non-duelist,1582.4,2.18,0.545,True
his-gamesense-is-unbeatable-kru-less-mvp-viper-gameplay,less,viper,,non-duelist,1698.23,1.5,0.522,True
how-florescent-suppresses-the-enemy-team-with-kay-o-pro-initiator-gameplay,florescent,kayo,,non-duelist,46.63,1.12,0.715,False
how-florescent-suppresses-the-enemy-team-with-kay-o-pro-initiator-gameplay,florescent,kayo,,non-duelist,130.77,1.99,0.58,False
how-florescent-suppresses-the-enemy-team-with-kay-o-pro-initiator-gameplay,florescent,kayo,,non-duelist,244.53,5.98,0.677,True
how-florescent-suppresses-the-enemy-team-with-kay-o-pro-initiator-gameplay,florescent,kayo,,non-duelist,254.4,0.55,0.649,True
how-florescent-suppresses-the-enemy-team-with-kay-o-pro-initiator-gameplay,florescent,kayo,,non-duelist,257.37,1.04,0.457,True
how-florescent-suppresses-the-enemy-team-with-kay-o-pro-initiator-gameplay,florescent,kayo,,non-duelist,304.53,25.17,0.712,False
how-florescent-suppresses-the-enemy-team-with-kay-o-pro-initiator-gameplay,florescent,kayo,,non-duelist,727.4,14.07,0.443,True
how-florescent-suppresses-the-enemy-team-with-kay-o-pro-initiator-gameplay,florescent,kayo,,non-duelist,742.4,6.5,0.792,True
how-florescent-suppresses-the-enemy-team-with-kay-o-pro-initiator-gameplay,florescent,kayo,,non-duelist,828.63,17.39,0.47,False
how-florescent-suppresses-the-enemy-team-with-kay-o-pro-initiator-gameplay,florescent,kayo,,non-duelist,829.53,13.65,0.402,False
how-florescent-suppresses-the-enemy-team-with-kay-o-pro-initiator-gameplay,florescent,kayo,,non-duelist,1153.33,5.48,0.622,True
how-florescent-suppresses-the-enemy-team-with-kay-o-pro-initiator-gameplay,florescent,kayo,,non-duelist,1330.07,0.97,0.743,False
how-florescent-suppresses-the-enemy-team-with-kay-o-pro-initiator-gameplay,florescent,kayo,,non-duelist,1336.0,1.64,0.486,False
how-florescent-suppresses-the-enemy-team-with-kay-o-pro-initiator-gameplay,florescent,kayo,,non-duelist,1340.2,6.57,0.703,False
how-florescent-suppresses-the-enemy-team-with-kay-o-pro-initiator-gameplay,florescent,kayo,,non-duelist,1399.03,40.59,0.571,True
how-florescent-suppresses-the-enemy-team-with-kay-o-pro-initiator-gameplay,florescent,kayo,,non-duelist,1469.53,1.54,0.787,False
how-florescent-suppresses-the-enemy-team-with-kay-o-pro-initiator-gameplay,florescent,kayo,,non-duelist,1657.67,0.79,0.407,False
how-florescent-suppresses-the-enemy-team-with-kay-o-pro-initiator-gameplay,florescent,kayo,,non-duelist,1658.8,0.87,0.459,False
how-florescent-suppresses-the-enemy-team-with-kay-o-pro-initiator-gameplay,florescent,kayo,,non-duelist,1673.5,1.06,0.406,True
how-florescent-suppresses-the-enemy-team-with-kay-o-pro-initiator-gameplay,florescent,kayo,,non-duelist,1675.03,2.21,0.612,True
how-florescent-suppresses-the-enemy-team-with-kay-o-pro-initiator-gameplay,florescent,kayo,,non-duelist,1678.57,0.67,0.411,True
how-florescent-suppresses-the-enemy-team-with-kay-o-pro-initiator-gameplay,florescent,kayo,,non-duelist,1682.2,2.35,0.519,True
how-florescent-suppresses-the-enemy-team-with-kay-o-pro-initiator-gameplay,florescent,kayo,,non-duelist,2015.0,5.51,0.777,True
how-florescent-suppresses-the-enemy-team-with-kay-o-pro-initiator-gameplay,florescent,kayo,,non-duelist,2016.87,17.12,0.413,False
how-florescent-suppresses-the-enemy-team-with-kay-o-pro-initiator-gameplay,florescent,kayo,,non-duelist,2025.67,22.14,0.611,True
how-florescent-suppresses-the-enemy-team-with-kay-o-pro-initiator-gameplay,florescent,kayo,,non-duelist,2026.63,15.23,0.652,True
how-s0m-dominates-as-jett-mvp-pro-duelist-gameplay,s0m,jett,,duelist,187.23,10.99,0.831,False
how-s0m-dominates-as-jett-mvp-pro-duelist-gameplay,s0m,jett,,duelist,375.03,1.55,0.419,True
how-s0m-dominates-as-jett-mvp-pro-duelist-gameplay,s0m,jett,,duelist,633.73,11.97,0.426,True
how-s0m-dominates-as-jett-mvp-pro-duelist-gameplay,s0m,jett,,duelist,680.8,2.59,0.727,False
how-s0m-dominates-as-jett-mvp-pro-duelist-gameplay,s0m,jett,,duelist,701.0,28.14,0.604,False
how-s0m-dominates-as-jett-mvp-pro-duelist-gameplay,s0m,jett,,duelist,702.13,7.84,0.477,False
how-s0m-dominates-as-jett-mvp-pro-duelist-gameplay,s0m,jett,,duelist,709.63,2.83,0.584,False
how-s0m-dominates-as-jett-mvp-pro-duelist-gameplay,s0m,jett,,duelist,815.23,2.57,0.605,False
how-s0m-dominates-as-jett-mvp-pro-duelist-gameplay,s0m,jett,,duelist,919.17,1.69,0.411,True
how-s0m-dominates-as-jett-mvp-pro-duelist-gameplay,s0m,jett,,duelist,998.83,0.93,0.647,True
how-s0m-dominates-as-jett-mvp-pro-duelist-gameplay,s0m,jett,,duelist,1002.17,2.87,0.666,True
how-s0m-dominates-as-jett-mvp-pro-duelist-gameplay,s0m,jett,,duelist,1003.13,2.79,0.496,False
how-s0m-dominates-as-jett-mvp-pro-duelist-gameplay,s0m,jett,,duelist,1142.43,0.5,0.483,False
how-s0m-dominates-as-jett-mvp-pro-duelist-gameplay,s0m,jett,,duelist,1323.1,6.33,0.708,True
how-s0m-dominates-as-jett-mvp-pro-duelist-gameplay,s0m,jett,,duelist,1367.83,11.05,0.802,True
how-s0m-dominates-as-jett-mvp-pro-duelist-gameplay,s0m,jett,,duelist,1512.73,9.64,0.529,False
how-s0m-dominates-as-jett-mvp-pro-duelist-gameplay,s0m,jett,,duelist,1624.97,11.53,0.686,False
is-yoru-back-in-2026-eggsterr-yoru-is-pure-deception-valorant-gameplay,eggsterr,yoru,,duelist,107.27,5.72,0.515,True
is-yoru-back-in-2026-eggsterr-yoru-is-pure-deception-valorant-gameplay,eggsterr,yoru,,duelist,475.83,1.95,0.469,True
is-yoru-back-in-2026-eggsterr-yoru-is-pure-deception-valorant-gameplay,eggsterr,yoru,,duelist,476.53,5.3,0.515,True
is-yoru-back-in-2026-eggsterr-yoru-is-pure-deception-valorant-gameplay,eggsterr,yoru,,duelist,480.37,1.8,0.477,True
is-yoru-back-in-2026-eggsterr-yoru-is-pure-deception-valorant-gameplay,eggsterr,yoru,,duelist,532.93,5.12,0.587,False
is-yoru-back-in-2026-eggsterr-yoru-is-pure-deception-valorant-gameplay,eggsterr,yoru,,duelist,568.03,12.02,0.572,False
is-yoru-back-in-2026-eggsterr-yoru-is-pure-deception-valorant-gameplay,eggsterr,yoru,,duelist,570.03,21.44,0.752,False
is-yoru-back-in-2026-eggsterr-yoru-is-pure-deception-valorant-gameplay,eggsterr,yoru,,duelist,571.9,10.61,0.735,False
is-yoru-back-in-2026-eggsterr-yoru-is-pure-deception-valorant-gameplay,eggsterr,yoru,,duelist,578.5,2.55,0.462,False
is-yoru-back-in-2026-eggsterr-yoru-is-pure-deception-valorant-gameplay,eggsterr,yoru,,duelist,713.53,4.7,0.465,True
is-yoru-back-in-2026-eggsterr-yoru-is-pure-deception-valorant-gameplay,eggsterr,yoru,,duelist,717.7,2.25,0.493,True
is-yoru-back-in-2026-eggsterr-yoru-is-pure-deception-valorant-gameplay,eggsterr,yoru,,duelist,827.33,7.13,0.636,True
is-yoru-back-in-2026-eggsterr-yoru-is-pure-deception-valorant-gameplay,eggsterr,yoru,,duelist,832.73,5.68,0.705,True
is-yoru-back-in-2026-eggsterr-yoru-is-pure-deception-valorant-gameplay,eggsterr,yoru,,duelist,1135.6,4.46,0.683,False
is-yoru-back-in-2026-eggsterr-yoru-is-pure-deception-valorant-gameplay,eggsterr,yoru,,duelist,1286.8,6.87,0.554,True
is-yoru-back-in-2026-eggsterr-yoru-is-pure-deception-valorant-gameplay,eggsterr,yoru,,duelist,1294.13,1.27,0.592,True
is-yoru-back-in-2026-eggsterr-yoru-is-pure-deception-valorant-gameplay,eggsterr,yoru,,duelist,1352.9,3.88,0.488,True
is-yoru-back-in-2026-eggsterr-yoru-is-pure-deception-valorant-gameplay,eggsterr,yoru,,duelist,1616.53,2.61,0.614,True
is-yoru-back-in-2026-eggsterr-yoru-is-pure-deception-valorant-gameplay,eggsterr,yoru,,duelist,1710.9,4.74,0.712,False
is-yoru-back-in-2026-eggsterr-yoru-is-pure-deception-valorant-gameplay,eggsterr,yoru,,duelist,1731.57,0.56,0.435,True
is-yoru-back-in-2026-eggsterr-yoru-is-pure-deception-valorant-gameplay,eggsterr,yoru,,duelist,1780.2,3.2,0.458,False
is-yoru-back-in-2026-eggsterr-yoru-is-pure-deception-valorant-gameplay,eggsterr,yoru,,duelist,1820.73,2.03,0.424,True
is-yoru-back-in-2026-eggsterr-yoru-is-pure-deception-valorant-gameplay,eggsterr,yoru,,duelist,1880.03,1.66,0.59,True
is-yoru-back-in-2026-eggsterr-yoru-is-pure-deception-valorant-gameplay,eggsterr,yoru,,duelist,1980.7,3.36,0.476,True
is-yoru-back-in-2026-eggsterr-yoru-is-pure-deception-valorant-gameplay,eggsterr,yoru,,duelist,1987.5,7.06,0.64,False
is-yoru-back-in-2026-eggsterr-yoru-is-pure-deception-valorant-gameplay,eggsterr,yoru,,duelist,2127.57,22.11,0.721,True
is-yoru-back-in-2026-eggsterr-yoru-is-pure-deception-valorant-gameplay,eggsterr,yoru,,duelist,2290.1,1.82,0.519,True
is-yoru-back-in-2026-eggsterr-yoru-is-pure-deception-valorant-gameplay,eggsterr,yoru,,duelist,2423.3,0.88,0.41,True
is-yoru-back-in-2026-eggsterr-yoru-is-pure-deception-valorant-gameplay,eggsterr,yoru,,duelist,2461.87,7.44,0.598,False
lotus-nrg-s0m-s-vyse-is-op-valorant-ranked-gameplay,s0m,vyse,lotus,non-duelist,60.3,1.64,0.558,False
lotus-nrg-s0m-s-vyse-is-op-valorant-ranked-gameplay,s0m,vyse,lotus,non-duelist,147.6,2.1,0.426,False
lotus-nrg-s0m-s-vyse-is-op-valorant-ranked-gameplay,s0m,vyse,lotus,non-duelist,317.3,7.81,0.456,False
lotus-nrg-s0m-s-vyse-is-op-valorant-ranked-gameplay,s0m,vyse,lotus,non-duelist,385.17,4.48,0.682,False
lotus-nrg-s0m-s-vyse-is-op-valorant-ranked-gameplay,s0m,vyse,lotus,non-duelist,385.77,1.52,0.622,False
lotus-nrg-s0m-s-vyse-is-op-valorant-ranked-gameplay,s0m,vyse,lotus,non-duelist,904.33,2.02,0.464,False
lotus-nrg-s0m-s-vyse-is-op-valorant-ranked-gameplay,s0m,vyse,lotus,non-duelist,1003.13,4.62,0.567,False
lotus-nrg-s0m-s-vyse-is-op-valorant-ranked-gameplay,s0m,vyse,lotus,non-duelist,1025.5,1.8,0.531,False
lotus-nrg-s0m-s-vyse-is-op-valorant-ranked-gameplay,s0m,vyse,lotus,non-duelist,1184.63,5.88,0.605,False
lotus-nrg-s0m-s-vyse-is-op-valorant-ranked-gameplay,s0m,vyse,lotus,non-duelist,1325.2,3.91,0.615,True
mibr-aspas-pro-waylay-on-lotus-vod-ranked,aspas,waylay,lotus,non-duelist,46.4,0.55,0.421,False
mibr-aspas-pro-waylay-on-lotus-vod-ranked,aspas,waylay,lotus,non-duelist,47.63,0.55,0.65,False
mibr-aspas-pro-waylay-on-lotus-vod-ranked,aspas,waylay,lotus,non-duelist,51.37,2.14,0.594,False
mibr-aspas-pro-waylay-on-lotus-vod-ranked,aspas,waylay,lotus,non-duelist,59.73,9.74,0.787,False
mibr-aspas-pro-waylay-on-lotus-vod-ranked,aspas,waylay,lotus,non-duelist,61.8,11.45,0.758,False
mibr-aspas-pro-waylay-on-lotus-vod-ranked,aspas,waylay,lotus,non-duelist,173.33,3.33,0.753,False
mibr-aspas-pro-waylay-on-lotus-vod-ranked,aspas,waylay,lotus,non-duelist,183.83,14.17,0.692,False
mibr-aspas-pro-waylay-on-lotus-vod-ranked,aspas,waylay,lotus,non-duelist,417.13,26.39,0.46,False
mibr-aspas-pro-waylay-on-lotus-vod-ranked,aspas,waylay,lotus,non-duelist,421.53,7.27,0.449,False
mibr-aspas-pro-waylay-on-lotus-vod-ranked,aspas,waylay,lotus,non-duelist,437.57,1.61,0.62,False
mibr-aspas-pro-waylay-on-lotus-vod-ranked,aspas,waylay,lotus,non-duelist,492.3,4.46,0.741,False
mibr-aspas-pro-waylay-on-lotus-vod-ranked,aspas,waylay,lotus,non-duelist,500.77,4.28,0.768,True
mibr-aspas-pro-waylay-on-lotus-vod-ranked,aspas,waylay,lotus,non-duelist,568.17,10.8,0.6,False
mibr-aspas-pro-waylay-on-lotus-vod-ranked,aspas,waylay,lotus,non-duelist,576.83,1.14,0.402,False
mibr-aspas-pro-waylay-on-lotus-vod-ranked,aspas,waylay,lotus,non-duelist,582.93,14.63,0.441,False
mibr-aspas-pro-waylay-on-lotus-vod-ranked,aspas,waylay,lotus,non-duelist,649.0,0.33,0.401,False
mibr-aspas-pro-waylay-on-lotus-vod-ranked,aspas,waylay,lotus,non-duelist,658.8,0.31,0.413,False
mibr-aspas-pro-waylay-on-lotus-vod-ranked,aspas,waylay,lotus,non-duelist,714.7,0.91,0.686,False
mibr-aspas-pro-waylay-on-lotus-vod-ranked,aspas,waylay,lotus,non-duelist,798.6,2.86,0.703,False
mibr-aspas-pro-waylay-on-lotus-vod-ranked,aspas,waylay,lotus,non-duelist,962.03,17.23,0.621,False
mibr-aspas-pro-waylay-on-lotus-vod-ranked,aspas,waylay,lotus,non-duelist,965.2,13.74,0.597,True
mibr-aspas-pro-waylay-on-lotus-vod-ranked,aspas,waylay,lotus,non-duelist,1054.87,1.7,0.491,False
mibr-aspas-pro-waylay-on-lotus-vod-ranked,aspas,waylay,lotus,non-duelist,1127.57,1.07,0.773,False
mibr-aspas-pro-waylay-on-lotus-vod-ranked,aspas,waylay,lotus,non-duelist,1133.07,1.73,0.698,False
mibr-aspas-pro-waylay-on-lotus-vod-ranked,aspas,waylay,lotus,non-duelist,1137.43,2.09,0.489,False
mibr-aspas-pro-waylay-on-lotus-vod-ranked,aspas,waylay,lotus,non-duelist,1216.93,0.87,0.534,True
mibr-aspas-pro-waylay-on-lotus-vod-ranked,aspas,waylay,lotus,non-duelist,1281.4,1.91,0.509,False
mibr-aspas-pro-waylay-on-lotus-vod-ranked,aspas,waylay,lotus,non-duelist,1321.0,18.52,0.553,False
mibr-aspas-pro-waylay-on-lotus-vod-ranked,aspas,waylay,lotus,non-duelist,1341.7,0.94,0.595,False
mibr-aspas-pro-waylay-on-lotus-vod-ranked,aspas,waylay,lotus,non-duelist,1354.93,0.38,0.507,False
mibr-aspas-pro-waylay-on-lotus-vod-ranked,aspas,waylay,lotus,non-duelist,1462.87,3.8,0.5,False
mibr-aspas-pro-waylay-on-lotus-vod-ranked,aspas,waylay,lotus,non-duelist,1466.53,16.48,0.516,False
mibr-aspas-pro-waylay-on-lotus-vod-ranked,aspas,waylay,lotus,non-duelist,1537.37,1.69,0.612,False
mibr-aspas-pro-waylay-on-lotus-vod-ranked,aspas,waylay,lotus,non-duelist,1614.17,3.69,0.448,True
mibr-aspas-pro-waylay-on-lotus-vod-ranked,aspas,waylay,lotus,non-duelist,1624.2,7.09,0.558,False
mibr-aspas-pro-waylay-on-lotus-vod-ranked,aspas,waylay,lotus,non-duelist,1631.17,2.3,0.658,False
mibr-aspas-pro-waylay-on-lotus-vod-ranked,aspas,waylay,lotus,non-duelist,1799.47,16.17,0.453,False
mibr-aspas-pro-waylay-on-lotus-vod-ranked,aspas,waylay,lotus,non-duelist,1809.17,0.93,0.424,False
mvp-25-kills-envy-ion-insane-jett-valorant-ranked-gameplay,ion,jett,,duelist,47.97,17.85,0.753,False
mvp-25-kills-envy-ion-insane-jett-valorant-ranked-gameplay,ion,jett,,duelist,158.6,10.65,0.753,True
mvp-25-kills-envy-ion-insane-jett-valorant-ranked-gameplay,ion,jett,,duelist,191.7,6.38,0.734,True
mvp-25-kills-envy-ion-insane-jett-valorant-ranked-gameplay,ion,jett,,duelist,193.37,5.71,0.819,False
mvp-25-kills-envy-ion-insane-jett-valorant-ranked-gameplay,ion,jett,,duelist,356.53,1.76,0.56,True
mvp-25-kills-envy-ion-insane-jett-valorant-ranked-gameplay,ion,jett,,duelist,499.1,4.45,0.763,False
mvp-25-kills-envy-ion-insane-jett-valorant-ranked-gameplay,ion,jett,,duelist,500.5,8.17,0.758,False
mvp-25-kills-envy-ion-insane-jett-valorant-ranked-gameplay,ion,jett,,duelist,578.4,3.74,0.761,True
mvp-25-kills-envy-ion-insane-jett-valorant-ranked-gameplay,ion,jett,,duelist,826.53,46.05,0.466,True
mvp-25-kills-envy-ion-insane-jett-valorant-ranked-gameplay,ion,jett,,duelist,1192.63,0.19,0.473,False
mvp-25-kills-envy-ion-insane-jett-valorant-ranked-gameplay,ion,jett,,duelist,1338.7,9.33,0.737,False
mvp-25-kills-envy-ion-insane-jett-valorant-ranked-gameplay,ion,jett,,duelist,1603.1,2.75,0.813,False
mvp-25-kills-envy-ion-insane-jett-valorant-ranked-gameplay,ion,jett,,duelist,1670.1,1.48,0.806,False
mvp-25-kills-envy-ion-insane-jett-valorant-ranked-gameplay,ion,jett,,duelist,1680.87,1.96,0.571,True
mvp-25-kills-envy-ion-insane-jett-valorant-ranked-gameplay,ion,jett,,duelist,1759.17,3.66,0.593,False
mvp-25-kills-envy-ion-insane-jett-valorant-ranked-gameplay,ion,jett,,duelist,1766.37,1.41,0.468,False
mvp-25-kills-envy-ion-insane-jett-valorant-ranked-gameplay,ion,jett,,duelist,1770.13,0.68,0.515,False
mvp-25-kills-envy-ion-insane-jett-valorant-ranked-gameplay,ion,jett,,duelist,1882.8,1.04,0.431,False
mvp-25-kills-envy-ion-insane-jett-valorant-ranked-gameplay,ion,jett,,duelist,1979.47,3.12,0.685,False
mvp-25-kills-envy-ion-insane-jett-valorant-ranked-gameplay,ion,jett,,duelist,1982.8,0.3,0.436,False
mvp-25-kills-envy-ion-insane-jett-valorant-ranked-gameplay,ion,jett,,duelist,1987.57,4.81,0.763,False
mvp-25-kills-envy-ion-insane-jett-valorant-ranked-gameplay,ion,jett,,duelist,1989.73,1.32,0.448,False
mvp-25-kills-envy-ion-insane-jett-valorant-ranked-gameplay,ion,jett,,duelist,2007.47,1.11,0.403,True
mvp-25-kills-envy-ion-insane-jett-valorant-ranked-gameplay,ion,jett,,duelist,2322.43,1.92,0.482,True
mvp-25-kills-envy-ion-insane-jett-valorant-ranked-gameplay,ion,jett,,duelist,2409.13,1.14,0.597,True
mvp-25-kills-envy-ion-insane-jett-valorant-ranked-gameplay,ion,jett,,duelist,2416.97,14.65,0.544,True
mvp-25-kills-envy-ion-insane-jett-valorant-ranked-gameplay,ion,jett,,duelist,2555.0,13.96,0.786,True
mvp-25-kills-envy-ion-insane-jett-valorant-ranked-gameplay,ion,jett,,duelist,2816.17,1.17,0.459,True
mvp-25-kills-envy-ion-insane-jett-valorant-ranked-gameplay,ion,jett,,duelist,2970.6,1.82,0.53,True
mvp-25-kills-envy-ion-insane-jett-valorant-ranked-gameplay,ion,jett,,duelist,3039.63,0.62,0.771,True
mvp-25-kills-envy-ion-insane-jett-valorant-ranked-gameplay,ion,jett,,duelist,3140.07,0.89,0.573,True
mvp-25-kills-envy-ion-insane-jett-valorant-ranked-gameplay,ion,jett,,duelist,3546.73,6.28,0.464,True
mvp-25-kills-envy-ion-insane-jett-valorant-ranked-gameplay,ion,jett,,duelist,3676.87,1.23,0.572,False
mvp-28-rank-neon-is-still-broken-oxy-s-neon-gameplay-2026,oxy,neon,,duelist,107.8,2.14,0.403,True
mvp-28-rank-neon-is-still-broken-oxy-s-neon-gameplay-2026,oxy,neon,,duelist,116.17,34.38,0.656,True
mvp-28-rank-neon-is-still-broken-oxy-s-neon-gameplay-2026,oxy,neon,,duelist,199.87,1.07,0.484,True
mvp-28-rank-neon-is-still-broken-oxy-s-neon-gameplay-2026,oxy,neon,,duelist,201.03,2.34,0.487,True
mvp-28-rank-neon-is-still-broken-oxy-s-neon-gameplay-2026,oxy,neon,,duelist,239.17,8.83,0.561,True
mvp-28-rank-neon-is-still-broken-oxy-s-neon-gameplay-2026,oxy,neon,,duelist,242.1,15.79,0.608,False
mvp-28-rank-neon-is-still-broken-oxy-s-neon-gameplay-2026,oxy,neon,,duelist,243.63,49.22,0.586,False
mvp-28-rank-neon-is-still-broken-oxy-s-neon-gameplay-2026,oxy,neon,,duelist,245.6,8.83,0.739,True
mvp-28-rank-neon-is-still-broken-oxy-s-neon-gameplay-2026,oxy,neon,,duelist,306.63,29.94,0.643,True
mvp-28-rank-neon-is-still-broken-oxy-s-neon-gameplay-2026,oxy,neon,,duelist,365.1,3.04,0.712,True
mvp-28-rank-neon-is-still-broken-oxy-s-neon-gameplay-2026,oxy,neon,,duelist,380.9,0.71,0.481,True
mvp-28-rank-neon-is-still-broken-oxy-s-neon-gameplay-2026,oxy,neon,,duelist,386.7,0.36,0.47,True
mvp-28-rank-neon-is-still-broken-oxy-s-neon-gameplay-2026,oxy,neon,,duelist,390.8,18.66,0.541,True
mvp-28-rank-neon-is-still-broken-oxy-s-neon-gameplay-2026,oxy,neon,,duelist,439.17,3.49,0.408,True
mvp-28-rank-neon-is-still-broken-oxy-s-neon-gameplay-2026,oxy,neon,,duelist,675.23,0.7,0.467,True
mvp-28-rank-neon-is-still-broken-oxy-s-neon-gameplay-2026,oxy,neon,,duelist,686.93,0.2,0.646,True
mvp-28-rank-neon-is-still-broken-oxy-s-neon-gameplay-2026,oxy,neon,,duelist,773.03,1.79,0.709,True
mvp-28-rank-neon-is-still-broken-oxy-s-neon-gameplay-2026,oxy,neon,,duelist,813.97,2.73,0.677,True
mvp-28-rank-neon-is-still-broken-oxy-s-neon-gameplay-2026,oxy,neon,,duelist,902.4,2.02,0.59,False
mvp-28-rank-neon-is-still-broken-oxy-s-neon-gameplay-2026,oxy,neon,,duelist,964.53,0.91,0.578,True
mvp-28-rank-neon-is-still-broken-oxy-s-neon-gameplay-2026,oxy,neon,,duelist,1003.7,12.24,0.438,True
mvp-28-rank-neon-is-still-broken-oxy-s-neon-gameplay-2026,oxy,neon,,duelist,1005.2,2.88,0.433,True
mvp-28-rank-neon-is-still-broken-oxy-s-neon-gameplay-2026,oxy,neon,,duelist,1056.37,3.3,0.451,False
mvp-28-rank-neon-is-still-broken-oxy-s-neon-gameplay-2026,oxy,neon,,duelist,1070.07,3.3,0.417,False
mvp-28-rank-neon-is-still-broken-oxy-s-neon-gameplay-2026,oxy,neon,,duelist,1107.7,5.93,0.825,True
mvp-28-rank-neon-is-still-broken-oxy-s-neon-gameplay-2026,oxy,neon,,duelist,1166.63,13.72,0.419,True
mvp-28-rank-neon-is-still-broken-oxy-s-neon-gameplay-2026,oxy,neon,,duelist,1169.47,3.1,0.458,True
mvp-28-rank-neon-is-still-broken-oxy-s-neon-gameplay-2026,oxy,neon,,duelist,1170.53,0.87,0.541,True
mvp-28-rank-neon-is-still-broken-oxy-s-neon-gameplay-2026,oxy,neon,,duelist,1287.43,1.91,0.539,True
mvp-28-rank-neon-is-still-broken-oxy-s-neon-gameplay-2026,oxy,neon,,duelist,1289.4,13.07,0.671,True
mvp-28-rank-neon-is-still-broken-oxy-s-neon-gameplay-2026,oxy,neon,,duelist,1348.07,0.37,0.431,True
mvp-28-rank-neon-is-still-broken-oxy-s-neon-gameplay-2026,oxy,neon,,duelist,1475.27,0.23,0.555,True
mvp-28-rank-neon-is-still-broken-oxy-s-neon-gameplay-2026,oxy,neon,,duelist,1511.5,0.55,0.697,False
mvp-28-rank-neon-is-still-broken-oxy-s-neon-gameplay-2026,oxy,neon,,duelist,1513.5,1.98,0.654,True
mvp-28-rank-neon-is-still-broken-oxy-s-neon-gameplay-2026,oxy,neon,,duelist,1547.5,0.38,0.711,True
mvp-28-rank-neon-is-still-broken-oxy-s-neon-gameplay-2026,oxy,neon,,duelist,1604.2,1.99,0.785,True
mvp-28-rank-neon-is-still-broken-oxy-s-neon-gameplay-2026,oxy,neon,,duelist,1692.43,2.78,0.701,True
mvp-28-rank-neon-is-still-broken-oxy-s-neon-gameplay-2026,oxy,neon,,duelist,1702.3,3.09,0.541,True
mvp-28-rank-neon-is-still-broken-oxy-s-neon-gameplay-2026,oxy,neon,,duelist,1758.53,3.31,0.509,True
mvp-28-rank-neon-is-still-broken-oxy-s-neon-gameplay-2026,oxy,neon,,duelist,1771.4,2.19,0.755,False
mvp-28-rank-neon-is-still-broken-oxy-s-neon-gameplay-2026,oxy,neon,,duelist,1775.13,4.45,0.702,False
mvp-28-rank-neon-is-still-broken-oxy-s-neon-gameplay-2026,oxy,neon,,duelist,1777.5,5.5,0.715,False
mvp-28-rank-neon-is-still-broken-oxy-s-neon-gameplay-2026,oxy,neon,,duelist,1875.33,7.24,0.74,False
mvp-28-rank-neon-is-still-broken-oxy-s-neon-gameplay-2026,oxy,neon,,duelist,1881.97,9.59,0.536,True
mvp-28-rank-neon-is-still-broken-oxy-s-neon-gameplay-2026,oxy,neon,,duelist,1890.07,23.27,0.556,True
mvp-28-rank-neon-is-still-broken-oxy-s-neon-gameplay-2026,oxy,neon,,duelist,1898.27,7.79,0.614,False
mvp-cheatcode-pro-reyna-valorant-ranked-gameplay-full-match-vod,,reyna,,duelist,18.53,0.46,0.409,True
mvp-cheatcode-pro-reyna-valorant-ranked-gameplay-full-match-vod,,reyna,,duelist,36.0,3.91,0.441,True
mvp-cheatcode-pro-reyna-valorant-ranked-gameplay-full-match-vod,,reyna,,duelist,254.5,8.19,0.436,True
mvp-cheatcode-pro-reyna-valorant-ranked-gameplay-full-match-vod,,reyna,,duelist,256.2,15.04,0.53,True
mvp-cheatcode-pro-reyna-valorant-ranked-gameplay-full-match-vod,,reyna,,duelist,260.93,1.13,0.473,True
mvp-cheatcode-pro-reyna-valorant-ranked-gameplay-full-match-vod,,reyna,,duelist,689.63,0.67,0.575,False
mvp-cheatcode-pro-reyna-valorant-ranked-gameplay-full-match-vod,,reyna,,duelist,762.27,7.72,0.586,False
mvp-cheatcode-pro-reyna-valorant-ranked-gameplay-full-match-vod,,reyna,,duelist,1126.57,1.69,0.497,False
mvp-cheatcode-pro-reyna-valorant-ranked-gameplay-full-match-vod,,reyna,,duelist,1314.63,9.64,0.673,False
mvp-cheatcode-pro-reyna-valorant-ranked-gameplay-full-match-vod,,reyna,,duelist,1390.17,0.61,0.487,False
mvp-cheatcode-pro-reyna-valorant-ranked-gameplay-full-match-vod,,reyna,,duelist,1474.83,0.48,0.507,True
mvp-cheatcode-pro-reyna-valorant-ranked-gameplay-full-match-vod,,reyna,,duelist,1537.07,0.39,0.419,True
mvp-cheatcode-pro-reyna-valorant-ranked-gameplay-full-match-vod,,reyna,,duelist,1548.03,1.02,0.412,True
mvp-cheatcode-pro-reyna-valorant-ranked-gameplay-full-match-vod,,reyna,,duelist,1632.1,0.8,0.488,True
mvp-cheatcode-pro-reyna-valorant-ranked-gameplay-full-match-vod,,reyna,,duelist,1702.0,3.5,0.741,False
mvp-cheatcode-pro-reyna-valorant-ranked-gameplay-full-match-vod,,reyna,,duelist,1727.0,5.65,0.549,False
mvp-cheatcode-pro-reyna-valorant-ranked-gameplay-full-match-vod,,reyna,,duelist,1785.47,3.66,0.487,False
mvp-cheatcode-pro-reyna-valorant-ranked-gameplay-full-match-vod,,reyna,,duelist,1851.33,16.09,0.59,True
mvp-eggsterr-s-yoru-is-absolute-cinema-valorant-gameplay,eggsterr,yoru,,duelist,29.6,3.23,0.796,False
mvp-eggsterr-s-yoru-is-absolute-cinema-valorant-gameplay,eggsterr,yoru,,duelist,184.97,2.42,0.537,False
mvp-eggsterr-s-yoru-is-absolute-cinema-valorant-gameplay,eggsterr,yoru,,duelist,311.73,20.91,0.699,False
mvp-eggsterr-s-yoru-is-absolute-cinema-valorant-gameplay,eggsterr,yoru,,duelist,312.67,0.9,0.674,False
mvp-eggsterr-s-yoru-is-absolute-cinema-valorant-gameplay,eggsterr,yoru,,duelist,319.07,1.65,0.547,False
mvp-eggsterr-s-yoru-is-absolute-cinema-valorant-gameplay,eggsterr,yoru,,duelist,321.87,0.24,0.504,False
mvp-eggsterr-s-yoru-is-absolute-cinema-valorant-gameplay,eggsterr,yoru,,duelist,417.73,0.59,0.409,False
mvp-eggsterr-s-yoru-is-absolute-cinema-valorant-gameplay,eggsterr,yoru,,duelist,421.47,1.93,0.598,False
mvp-eggsterr-s-yoru-is-absolute-cinema-valorant-gameplay,eggsterr,yoru,,duelist,430.13,38.89,0.75,False
mvp-eggsterr-s-yoru-is-absolute-cinema-valorant-gameplay,eggsterr,yoru,,duelist,435.83,6.3,0.631,False
mvp-eggsterr-s-yoru-is-absolute-cinema-valorant-gameplay,eggsterr,yoru,,duelist,502.6,4.59,0.403,False
mvp-eggsterr-s-yoru-is-absolute-cinema-valorant-gameplay,eggsterr,yoru,,duelist,503.77,1.5,0.556,False
mvp-eggsterr-s-yoru-is-absolute-cinema-valorant-gameplay,eggsterr,yoru,,duelist,591.23,1.88,0.473,True
mvp-eggsterr-s-yoru-is-absolute-cinema-valorant-gameplay,eggsterr,yoru,,duelist,608.43,4.78,0.596,False
mvp-eggsterr-s-yoru-is-absolute-cinema-valorant-gameplay,eggsterr,yoru,,duelist,641.37,4.96,0.728,False
mvp-eggsterr-s-yoru-is-absolute-cinema-valorant-gameplay,eggsterr,yoru,,duelist,693.73,0.29,0.586,False
mvp-eggsterr-s-yoru-is-absolute-cinema-valorant-gameplay,eggsterr,yoru,,duelist,711.93,6.5,0.503,False
mvp-eggsterr-s-yoru-is-absolute-cinema-valorant-gameplay,eggsterr,yoru,,duelist,796.4,2.34,0.546,False
mvp-eggsterr-s-yoru-is-absolute-cinema-valorant-gameplay,eggsterr,yoru,,duelist,1130.53,1.13,0.434,False
mvp-eggsterr-s-yoru-is-absolute-cinema-valorant-gameplay,eggsterr,yoru,,duelist,1222.33,1.34,0.578,False
mvp-eggsterr-s-yoru-is-absolute-cinema-valorant-gameplay,eggsterr,yoru,,duelist,1261.9,22.22,0.749,False
mvp-eggsterr-s-yoru-is-absolute-cinema-valorant-gameplay,eggsterr,yoru,,duelist,1290.57,5.92,0.549,False
mvp-eggsterr-s-yoru-is-absolute-cinema-valorant-gameplay,eggsterr,yoru,,duelist,1407.83,3.14,0.756,False
mvp-eggsterr-s-yoru-is-absolute-cinema-valorant-gameplay,eggsterr,yoru,,duelist,1420.83,2.19,0.702,False
mvp-eggsterr-s-yoru-is-absolute-cinema-valorant-gameplay,eggsterr,yoru,,duelist,1576.37,5.8,0.43,False
mvp-eggsterr-s-yoru-is-absolute-cinema-valorant-gameplay,eggsterr,yoru,,duelist,1579.37,2.52,0.449,False
mvp-eggsterr-s-yoru-is-absolute-cinema-valorant-gameplay,eggsterr,yoru,,duelist,1656.57,2.86,0.406,True
mvp-eggsterr-s-yoru-is-absolute-cinema-valorant-gameplay,eggsterr,yoru,,duelist,1659.97,1.97,0.454,True
mvp-eggsterr-s-yoru-is-absolute-cinema-valorant-gameplay,eggsterr,yoru,,duelist,1720.0,10.48,0.556,False
mvp-eggsterr-s-yoru-is-absolute-cinema-valorant-gameplay,eggsterr,yoru,,duelist,1899.6,1.8,0.487,False
mvp-envy-demon1-insane-jett-on-sunset-valorant-gameplay-full-match-vod,demon1,jett,sunset,duelist,105.93,2.11,0.676,False
mvp-envy-demon1-insane-jett-on-sunset-valorant-gameplay-full-match-vod,demon1,jett,sunset,duelist,183.77,1.0,0.57,False
mvp-envy-demon1-insane-jett-on-sunset-valorant-gameplay-full-match-vod,demon1,jett,sunset,duelist,249.3,1.06,0.721,False
mvp-envy-demon1-insane-jett-on-sunset-valorant-gameplay-full-match-vod,demon1,jett,sunset,duelist,258.43,4.57,0.732,False
mvp-envy-demon1-insane-jett-on-sunset-valorant-gameplay-full-match-vod,demon1,jett,sunset,duelist,378.47,2.12,0.481,False
mvp-envy-demon1-insane-jett-on-sunset-valorant-gameplay-full-match-vod,demon1,jett,sunset,duelist,387.53,5.35,0.58,False
mvp-envy-demon1-insane-jett-on-sunset-valorant-gameplay-full-match-vod,demon1,jett,sunset,duelist,391.43,0.94,0.576,False
mvp-envy-demon1-insane-jett-on-sunset-valorant-gameplay-full-match-vod,demon1,jett,sunset,duelist,411.9,1.87,0.45,False
mvp-envy-demon1-insane-jett-on-sunset-valorant-gameplay-full-match-vod,demon1,jett,sunset,duelist,414.73,9.33,0.709,False
mvp-envy-demon1-insane-jett-on-sunset-valorant-gameplay-full-match-vod,demon1,jett,sunset,duelist,464.8,0.93,0.475,False
mvp-envy-demon1-insane-jett-on-sunset-valorant-gameplay-full-match-vod,demon1,jett,sunset,duelist,465.6,5.33,0.471,False
mvp-envy-demon1-insane-jett-on-sunset-valorant-gameplay-full-match-vod,demon1,jett,sunset,duelist,630.67,0.33,0.505,False
mvp-envy-demon1-insane-jett-on-sunset-valorant-gameplay-full-match-vod,demon1,jett,sunset,duelist,685.57,9.69,0.448,False
mvp-envy-demon1-insane-jett-on-sunset-valorant-gameplay-full-match-vod,demon1,jett,sunset,duelist,812.73,1.47,0.583,False
mvp-envy-demon1-insane-jett-on-sunset-valorant-gameplay-full-match-vod,demon1,jett,sunset,duelist,1012.7,11.71,0.457,False
mvp-envy-demon1-insane-jett-on-sunset-valorant-gameplay-full-match-vod,demon1,jett,sunset,duelist,1079.6,17.27,0.576,False
mvp-envy-demon1-insane-jett-on-sunset-valorant-gameplay-full-match-vod,demon1,jett,sunset,duelist,1229.83,17.79,0.663,False
mvp-envy-demon1-insane-jett-on-sunset-valorant-gameplay-full-match-vod,demon1,jett,sunset,duelist,1381.4,4.43,0.445,False
mvp-envy-demon1-insane-jett-on-sunset-valorant-gameplay-full-match-vod,demon1,jett,sunset,duelist,1448.63,28.46,0.431,False
mvp-envy-demon1-insane-jett-on-sunset-valorant-gameplay-full-match-vod,demon1,jett,sunset,duelist,1495.73,2.18,0.6,False
mvp-envy-demon1-insane-jett-on-sunset-valorant-gameplay-full-match-vod,demon1,jett,sunset,duelist,1496.87,5.06,0.475,False
mvp-envy-demon1-pro-yoru-valorant-gameplay-full-match-vod,demon1,yoru,,duelist,119.73,25.0,0.606,False
mvp-envy-demon1-pro-yoru-valorant-gameplay-full-match-vod,demon1,yoru,,duelist,169.3,3.93,0.598,False
mvp-envy-demon1-pro-yoru-valorant-gameplay-full-match-vod,demon1,yoru,,duelist,211.6,1.87,0.642,False
mvp-envy-demon1-pro-yoru-valorant-gameplay-full-match-vod,demon1,yoru,,duelist,216.4,23.23,0.754,False
mvp-envy-demon1-pro-yoru-valorant-gameplay-full-match-vod,demon1,yoru,,duelist,292.0,2.48,0.458,False
mvp-envy-demon1-pro-yoru-valorant-gameplay-full-match-vod,demon1,yoru,,duelist,470.63,2.91,0.456,False
mvp-envy-demon1-pro-yoru-valorant-gameplay-full-match-vod,demon1,yoru,,duelist,595.93,2.46,0.488,False
mvp-envy-demon1-pro-yoru-valorant-gameplay-full-match-vod,demon1,yoru,,duelist,614.77,1.51,0.428,False
mvp-envy-demon1-pro-yoru-valorant-gameplay-full-match-vod,demon1,yoru,,duelist,618.83,0.26,0.52,False
mvp-envy-demon1-pro-yoru-valorant-gameplay-full-match-vod,demon1,yoru,,duelist,666.77,2.98,0.418,False
mvp-envy-demon1-pro-yoru-valorant-gameplay-full-match-vod,demon1,yoru,,duelist,683.4,0.64,0.564,False
mvp-envy-demon1-pro-yoru-valorant-gameplay-full-match-vod,demon1,yoru,,duelist,709.23,7.76,0.725,False
mvp-envy-demon1-pro-yoru-valorant-gameplay-full-match-vod,demon1,yoru,,duelist,833.5,2.14,0.707,False
mvp-envy-demon1-pro-yoru-valorant-gameplay-full-match-vod,demon1,yoru,,duelist,838.37,3.57,0.707,False
mvp-envy-demon1-pro-yoru-valorant-gameplay-full-match-vod,demon1,yoru,,duelist,857.47,1.51,0.412,False
mvp-envy-demon1-pro-yoru-valorant-gameplay-full-match-vod,demon1,yoru,,duelist,965.63,3.55,0.521,False
mvp-envy-demon1-pro-yoru-valorant-gameplay-full-match-vod,demon1,yoru,,duelist,968.37,1.74,0.482,False
mvp-envy-demon1-pro-yoru-valorant-gameplay-full-match-vod,demon1,yoru,,duelist,972.17,3.05,0.691,True
mvp-envy-demon1-pro-yoru-valorant-gameplay-full-match-vod,demon1,yoru,,duelist,1048.73,1.64,0.481,False
mvp-envy-demon1-pro-yoru-valorant-gameplay-full-match-vod,demon1,yoru,,duelist,1070.7,7.2,0.804,False
mvp-envy-demon1-pro-yoru-valorant-gameplay-full-match-vod,demon1,yoru,,duelist,1251.53,30.27,0.466,True
mvp-envy-demon1-pro-yoru-valorant-gameplay-full-match-vod,demon1,yoru,,duelist,1538.93,5.55,0.768,False
mvp-envy-demon1-pro-yoru-valorant-gameplay-full-match-vod,demon1,yoru,,duelist,1625.97,3.74,0.545,False
mvp-envy-demon1-pro-yoru-valorant-gameplay-full-match-vod,demon1,yoru,,duelist,1628.1,0.96,0.465,False
mvp-envy-demon1-pro-yoru-valorant-gameplay-full-match-vod,demon1,yoru,,duelist,1630.2,1.73,0.67,False
mvp-envy-demon1-pro-yoru-valorant-gameplay-full-match-vod,demon1,yoru,,duelist,1934.47,14.85,0.497,False
mvp-envy-demon1-pro-yoru-valorant-gameplay-full-match-vod,demon1,yoru,,duelist,1941.97,2.32,0.493,False
mvp-envy-demon1-pro-yoru-valorant-gameplay-full-match-vod,demon1,yoru,,duelist,2018.33,2.67,0.671,False
mvp-envy-demon1-pro-yoru-valorant-gameplay-full-match-vod,demon1,yoru,,duelist,2105.33,18.81,0.683,False
mvp-envy-demon1-pro-yoru-valorant-gameplay-full-match-vod,demon1,yoru,,duelist,2106.6,0.53,0.579,True
mvp-envy-demon1-pro-yoru-valorant-gameplay-full-match-vod,demon1,yoru,,duelist,2107.37,2.38,0.595,False
mvp-florescent-dominates-lotus-with-clove-and-insane-aim-controller-gameplay,florescent,clove,lotus,non-duelist,13.47,4.8,0.789,False
mvp-florescent-dominates-lotus-with-clove-and-insane-aim-controller-gameplay,florescent,clove,lotus,non-duelist,19.77,20.59,0.766,False
mvp-florescent-dominates-lotus-with-clove-and-insane-aim-controller-gameplay,florescent,clove,lotus,non-duelist,83.03,6.73,0.667,False
mvp-florescent-dominates-lotus-with-clove-and-insane-aim-controller-gameplay,florescent,clove,lotus,non-duelist,86.13,6.27,0.401,False
mvp-florescent-dominates-lotus-with-clove-and-insane-aim-controller-gameplay,florescent,clove,lotus,non-duelist,155.07,3.3,0.768,False
mvp-florescent-dominates-lotus-with-clove-and-insane-aim-controller-gameplay,florescent,clove,lotus,non-duelist,173.67,9.86,0.783,False
mvp-florescent-dominates-lotus-with-clove-and-insane-aim-controller-gameplay,florescent,clove,lotus,non-duelist,347.97,7.27,0.417,False
mvp-florescent-dominates-lotus-with-clove-and-insane-aim-controller-gameplay,florescent,clove,lotus,non-duelist,402.2,9.33,0.784,False
mvp-florescent-dominates-lotus-with-clove-and-insane-aim-controller-gameplay,florescent,clove,lotus,non-duelist,403.47,5.76,0.473,True
mvp-florescent-dominates-lotus-with-clove-and-insane-aim-controller-gameplay,florescent,clove,lotus,non-duelist,454.63,29.46,0.413,False
mvp-florescent-dominates-lotus-with-clove-and-insane-aim-controller-gameplay,florescent,clove,lotus,non-duelist,464.0,4.02,0.674,False
mvp-florescent-dominates-lotus-with-clove-and-insane-aim-controller-gameplay,florescent,clove,lotus,non-duelist,522.87,0.78,0.598,False
mvp-florescent-dominates-lotus-with-clove-and-insane-aim-controller-gameplay,florescent,clove,lotus,non-duelist,579.87,2.14,0.446,False
mvp-florescent-dominates-lotus-with-clove-and-insane-aim-controller-gameplay,florescent,clove,lotus,non-duelist,580.47,0.28,0.464,False
mvp-florescent-dominates-lotus-with-clove-and-insane-aim-controller-gameplay,florescent,clove,lotus,non-duelist,668.97,3.03,0.553,False
mvp-florescent-dominates-lotus-with-clove-and-insane-aim-controller-gameplay,florescent,clove,lotus,non-duelist,673.27,2.9,0.741,False
mvp-florescent-dominates-lotus-with-clove-and-insane-aim-controller-gameplay,florescent,clove,lotus,non-duelist,726.23,28.58,0.74,False
mvp-florescent-dominates-lotus-with-clove-and-insane-aim-controller-gameplay,florescent,clove,lotus,non-duelist,811.47,0.42,0.523,False
mvp-florescent-dominates-lotus-with-clove-and-insane-aim-controller-gameplay,florescent,clove,lotus,non-duelist,813.33,1.07,0.752,False
mvp-florescent-dominates-lotus-with-clove-and-insane-aim-controller-gameplay,florescent,clove,lotus,non-duelist,832.77,1.75,0.507,False
mvp-florescent-dominates-lotus-with-clove-and-insane-aim-controller-gameplay,florescent,clove,lotus,non-duelist,843.47,3.1,0.534,True
mvp-florescent-dominates-lotus-with-clove-and-insane-aim-controller-gameplay,florescent,clove,lotus,non-duelist,906.83,26.92,0.411,False
mvp-florescent-dominates-lotus-with-clove-and-insane-aim-controller-gameplay,florescent,clove,lotus,non-duelist,916.57,4.26,0.782,False
mvp-florescent-dominates-lotus-with-clove-and-insane-aim-controller-gameplay,florescent,clove,lotus,non-duelist,917.77,3.34,0.723,False
mvp-florescent-dominates-lotus-with-clove-and-insane-aim-controller-gameplay,florescent,clove,lotus,non-duelist,920.33,4.26,0.553,True
mvp-florescent-dominates-lotus-with-clove-and-insane-aim-controller-gameplay,florescent,clove,lotus,non-duelist,981.53,0.47,0.508,False
mvp-florescent-dominates-lotus-with-clove-and-insane-aim-controller-gameplay,florescent,clove,lotus,non-duelist,1056.97,1.46,0.638,False
mvp-florescent-dominates-lotus-with-clove-and-insane-aim-controller-gameplay,florescent,clove,lotus,non-duelist,1060.03,3.6,0.803,False
mvp-florescent-dominates-lotus-with-clove-and-insane-aim-controller-gameplay,florescent,clove,lotus,non-duelist,1076.13,2.2,0.601,False
mvp-florescent-dominates-lotus-with-clove-and-insane-aim-controller-gameplay,florescent,clove,lotus,non-duelist,1220.97,0.33,0.464,False
mvp-florescent-dominates-lotus-with-clove-and-insane-aim-controller-gameplay,florescent,clove,lotus,non-duelist,1276.27,0.99,0.785,False
mvp-florescent-dominates-lotus-with-clove-and-insane-aim-controller-gameplay,florescent,clove,lotus,non-duelist,1368.8,1.05,0.451,False
mvp-florescent-dominates-lotus-with-clove-and-insane-aim-controller-gameplay,florescent,clove,lotus,non-duelist,1380.27,0.53,0.568,False
mvp-florescent-dominates-lotus-with-clove-and-insane-aim-controller-gameplay,florescent,clove,lotus,non-duelist,1431.6,12.61,0.783,False
mvp-florescent-dominates-lotus-with-clove-and-insane-aim-controller-gameplay,florescent,clove,lotus,non-duelist,1516.63,1.77,0.519,False
mvp-florescent-pro-kay-o-valorant-ranked-gameplay-full-match-vod,florescent,kayo,,non-duelist,30.17,0.48,0.509,False
mvp-florescent-pro-kay-o-valorant-ranked-gameplay-full-match-vod,florescent,kayo,,non-duelist,136.97,0.33,0.623,False
mvp-florescent-pro-kay-o-valorant-ranked-gameplay-full-match-vod,florescent,kayo,,non-duelist,138.5,1.01,0.496,False
mvp-florescent-pro-kay-o-valorant-ranked-gameplay-full-match-vod,florescent,kayo,,non-duelist,198.07,9.45,0.706,True
mvp-florescent-pro-kay-o-valorant-ranked-gameplay-full-match-vod,florescent,kayo,,non-duelist,404.5,28.03,0.709,False
mvp-florescent-pro-kay-o-valorant-ranked-gameplay-full-match-vod,florescent,kayo,,non-duelist,471.5,5.77,0.518,False
mvp-florescent-pro-kay-o-valorant-ranked-gameplay-full-match-vod,florescent,kayo,,non-duelist,473.73,1.47,0.44,False
mvp-florescent-pro-kay-o-valorant-ranked-gameplay-full-match-vod,florescent,kayo,,non-duelist,586.17,2.98,0.415,False
mvp-florescent-pro-kay-o-valorant-ranked-gameplay-full-match-vod,florescent,kayo,,non-duelist,736.23,0.92,0.58,False
mvp-florescent-pro-kay-o-valorant-ranked-gameplay-full-match-vod,florescent,kayo,,non-duelist,855.2,5.62,0.801,True
mvp-florescent-pro-kay-o-valorant-ranked-gameplay-full-match-vod,florescent,kayo,,non-duelist,904.33,6.06,0.652,False
mvp-florescent-pro-kay-o-valorant-ranked-gameplay-full-match-vod,florescent,kayo,,non-duelist,1010.8,0.32,0.512,False
mvp-florescent-pro-kay-o-valorant-ranked-gameplay-full-match-vod,florescent,kayo,,non-duelist,1062.77,0.63,0.417,True
mvp-florescent-pro-kay-o-valorant-ranked-gameplay-full-match-vod,florescent,kayo,,non-duelist,1154.57,1.34,0.568,False
mvp-florescent-pro-kay-o-valorant-ranked-gameplay-full-match-vod,florescent,kayo,,non-duelist,1212.13,9.5,0.498,False
mvp-florescent-pro-kay-o-valorant-ranked-gameplay-full-match-vod,florescent,kayo,,non-duelist,1306.33,0.43,0.421,False
mvp-florescent-pro-kay-o-valorant-ranked-gameplay-full-match-vod,florescent,kayo,,non-duelist,1367.77,1.16,0.56,False
mvp-florescent-pro-kay-o-valorant-ranked-gameplay-full-match-vod,florescent,kayo,,non-duelist,1375.97,12.21,0.556,False
mvp-florescent-pro-kay-o-valorant-ranked-gameplay-full-match-vod,florescent,kayo,,non-duelist,1524.33,4.73,0.48,False
mvp-florescent-pro-kay-o-valorant-ranked-gameplay-full-match-vod,florescent,kayo,,non-duelist,1638.7,10.37,0.601,False
mvp-florescent-pro-kay-o-valorant-ranked-gameplay-full-match-vod,florescent,kayo,,non-duelist,1640.27,1.82,0.65,False
mvp-florescent-pro-kay-o-valorant-ranked-gameplay-full-match-vod,florescent,kayo,,non-duelist,1641.73,2.3,0.593,False
mvp-lotus-the-radiant-yoru-oxy-valorant-gameplay-full-match,oxy,yoru,lotus,duelist,18.73,2.18,0.464,False
mvp-lotus-the-radiant-yoru-oxy-valorant-gameplay-full-match,oxy,yoru,lotus,duelist,103.3,4.71,0.731,True
mvp-lotus-the-radiant-yoru-oxy-valorant-gameplay-full-match,oxy,yoru,lotus,duelist,179.9,0.65,0.455,False
mvp-lotus-the-radiant-yoru-oxy-valorant-gameplay-full-match,oxy,yoru,lotus,duelist,262.3,0.72,0.648,True
mvp-lotus-the-radiant-yoru-oxy-valorant-gameplay-full-match,oxy,yoru,lotus,duelist,266.23,4.89,0.656,False
mvp-lotus-the-radiant-yoru-oxy-valorant-gameplay-full-match,oxy,yoru,lotus,duelist,268.77,13.78,0.406,False
mvp-lotus-the-radiant-yoru-oxy-valorant-gameplay-full-match,oxy,yoru,lotus,duelist,320.4,2.84,0.464,False
mvp-lotus-the-radiant-yoru-oxy-valorant-gameplay-full-match,oxy,yoru,lotus,duelist,323.77,1.1,0.62,False
mvp-lotus-the-radiant-yoru-oxy-valorant-gameplay-full-match,oxy,yoru,lotus,duelist,324.97,5.27,0.501,False
mvp-lotus-the-radiant-yoru-oxy-valorant-gameplay-full-match,oxy,yoru,lotus,duelist,327.5,4.51,0.538,False
mvp-lotus-the-radiant-yoru-oxy-valorant-gameplay-full-match,oxy,yoru,lotus,duelist,457.07,0.33,0.423,False
mvp-lotus-the-radiant-yoru-oxy-valorant-gameplay-full-match,oxy,yoru,lotus,duelist,461.7,3.45,0.565,False
mvp-lotus-the-radiant-yoru-oxy-valorant-gameplay-full-match,oxy,yoru,lotus,duelist,470.2,7.26,0.491,False
mvp-lotus-the-radiant-yoru-oxy-valorant-gameplay-full-match,oxy,yoru,lotus,duelist,473.97,16.16,0.467,False
mvp-lotus-the-radiant-yoru-oxy-valorant-gameplay-full-match,oxy,yoru,lotus,duelist,476.5,4.39,0.417,False
mvp-lotus-the-radiant-yoru-oxy-valorant-gameplay-full-match,oxy,yoru,lotus,duelist,537.63,4.73,0.577,False
mvp-lotus-the-radiant-yoru-oxy-valorant-gameplay-full-match,oxy,yoru,lotus,duelist,583.47,3.39,0.653,False
mvp-lotus-the-radiant-yoru-oxy-valorant-gameplay-full-match,oxy,yoru,lotus,duelist,587.1,13.87,0.708,False
mvp-lotus-the-radiant-yoru-oxy-valorant-gameplay-full-match,oxy,yoru,lotus,duelist,588.2,1.72,0.525,False
mvp-lotus-the-radiant-yoru-oxy-valorant-gameplay-full-match,oxy,yoru,lotus,duelist,589.23,0.32,0.432,False
mvp-lotus-the-radiant-yoru-oxy-valorant-gameplay-full-match,oxy,yoru,lotus,duelist,629.2,0.31,0.462,False
mvp-lotus-the-radiant-yoru-oxy-valorant-gameplay-full-match,oxy,yoru,lotus,duelist,638.63,5.07,0.76,False
mvp-lotus-the-radiant-yoru-oxy-valorant-gameplay-full-match,oxy,yoru,lotus,duelist,643.2,16.83,0.576,True
mvp-lotus-the-radiant-yoru-oxy-valorant-gameplay-full-match,oxy,yoru,lotus,duelist,691.63,37.98,0.561,False
mvp-lotus-the-radiant-yoru-oxy-valorant-gameplay-full-match,oxy,yoru,lotus,duelist,699.13,4.29,0.435,False
mvp-lotus-the-radiant-yoru-oxy-valorant-gameplay-full-match,oxy,yoru,lotus,duelist,755.6,0.53,0.494,False
mvp-lotus-the-radiant-yoru-oxy-valorant-gameplay-full-match,oxy,yoru,lotus,duelist,928.9,3.04,0.587,False
mvp-lotus-the-radiant-yoru-oxy-valorant-gameplay-full-match,oxy,yoru,lotus,duelist,945.9,5.42,0.779,False
mvp-lotus-the-radiant-yoru-oxy-valorant-gameplay-full-match,oxy,yoru,lotus,duelist,1019.2,41.76,0.47,True
mvp-lotus-the-radiant-yoru-oxy-valorant-gameplay-full-match,oxy,yoru,lotus,duelist,1023.1,1.06,0.665,True
mvp-lotus-the-radiant-yoru-oxy-valorant-gameplay-full-match,oxy,yoru,lotus,duelist,1066.8,34.98,0.714,False
mvp-lotus-the-radiant-yoru-oxy-valorant-gameplay-full-match,oxy,yoru,lotus,duelist,1080.63,3.84,0.557,True
mvp-lotus-the-radiant-yoru-oxy-valorant-gameplay-full-match,oxy,yoru,lotus,duelist,1082.43,8.27,0.496,False
mvp-lotus-the-radiant-yoru-oxy-valorant-gameplay-full-match,oxy,yoru,lotus,duelist,1200.8,24.2,0.428,False
mvp-lotus-the-radiant-yoru-oxy-valorant-gameplay-full-match,oxy,yoru,lotus,duelist,1282.93,3.42,0.535,False
mvp-lotus-the-radiant-yoru-oxy-valorant-gameplay-full-match,oxy,yoru,lotus,duelist,1333.87,4.41,0.475,False
mvp-lotus-the-radiant-yoru-oxy-valorant-gameplay-full-match,oxy,yoru,lotus,duelist,1334.6,1.86,0.574,False
mvp-lotus-the-radiant-yoru-oxy-valorant-gameplay-full-match,oxy,yoru,lotus,duelist,1341.13,3.09,0.734,True
mvp-lotus-the-radiant-yoru-oxy-valorant-gameplay-full-match,oxy,yoru,lotus,duelist,1672.77,0.58,0.657,False
mvp-lotus-the-radiant-yoru-oxy-valorant-gameplay-full-match,oxy,yoru,lotus,duelist,1751.67,12.49,0.454,False
mvp-lotus-the-radiant-yoru-oxy-valorant-gameplay-full-match,oxy,yoru,lotus,duelist,1767.27,37.61,0.541,False
mvp-oxy-s-skye-is-a-wild-hunter-c9-valorant-gameplay-2026,oxy,skye,,non-duelist,18.5,7.12,0.78,False
mvp-oxy-s-skye-is-a-wild-hunter-c9-valorant-gameplay-2026,oxy,skye,,non-duelist,102.57,4.07,0.491,True
mvp-oxy-s-skye-is-a-wild-hunter-c9-valorant-gameplay-2026,oxy,skye,,non-duelist,106.1,2.7,0.507,False
mvp-oxy-s-skye-is-a-wild-hunter-c9-valorant-gameplay-2026,oxy,skye,,non-duelist,181.9,2.82,0.44,True
mvp-oxy-s-skye-is-a-wild-hunter-c9-valorant-gameplay-2026,oxy,skye,,non-duelist,247.57,2.88,0.414,False
mvp-oxy-s-skye-is-a-wild-hunter-c9-valorant-gameplay-2026,oxy,skye,,non-duelist,248.13,3.7,0.432,False
mvp-oxy-s-skye-is-a-wild-hunter-c9-valorant-gameplay-2026,oxy,skye,,non-duelist,251.17,5.01,0.493,False
mvp-oxy-s-skye-is-a-wild-hunter-c9-valorant-gameplay-2026,oxy,skye,,non-duelist,308.67,2.8,0.526,False
mvp-oxy-s-skye-is-a-wild-hunter-c9-valorant-gameplay-2026,oxy,skye,,non-duelist,312.37,1.77,0.408,False
mvp-oxy-s-skye-is-a-wild-hunter-c9-valorant-gameplay-2026,oxy,skye,,non-duelist,394.13,12.29,0.675,True
mvp-oxy-s-skye-is-a-wild-hunter-c9-valorant-gameplay-2026,oxy,skye,,non-duelist,397.37,1.96,0.527,True
mvp-oxy-s-skye-is-a-wild-hunter-c9-valorant-gameplay-2026,oxy,skye,,non-duelist,403.1,33.22,0.697,True
mvp-oxy-s-skye-is-a-wild-hunter-c9-valorant-gameplay-2026,oxy,skye,,non-duelist,404.1,1.59,0.47,False
mvp-oxy-s-skye-is-a-wild-hunter-c9-valorant-gameplay-2026,oxy,skye,,non-duelist,444.67,1.03,0.449,False
mvp-oxy-s-skye-is-a-wild-hunter-c9-valorant-gameplay-2026,oxy,skye,,non-duelist,684.43,31.78,0.453,False
mvp-oxy-s-skye-is-a-wild-hunter-c9-valorant-gameplay-2026,oxy,skye,,non-duelist,693.27,0.56,0.552,True
mvp-oxy-s-skye-is-a-wild-hunter-c9-valorant-gameplay-2026,oxy,skye,,non-duelist,701.87,1.59,0.522,True
mvp-oxy-s-skye-is-a-wild-hunter-c9-valorant-gameplay-2026,oxy,skye,,non-duelist,759.93,8.19,0.525,False
mvp-oxy-s-skye-is-a-wild-hunter-c9-valorant-gameplay-2026,oxy,skye,,non-duelist,768.37,0.55,0.429,False
mvp-oxy-s-skye-is-a-wild-hunter-c9-valorant-gameplay-2026,oxy,skye,,non-duelist,827.87,3.56,0.504,False
mvp-oxy-s-skye-is-a-wild-hunter-c9-valorant-gameplay-2026,oxy,skye,,non-duelist,830.57,4.18,0.412,True
mvp-oxy-s-skye-is-a-wild-hunter-c9-valorant-gameplay-2026,oxy,skye,,non-duelist,834.37,3.56,0.627,False
mvp-oxy-s-skye-is-a-wild-hunter-c9-valorant-gameplay-2026,oxy,skye,,non-duelist,836.13,4.75,0.465,False
mvp-oxy-s-skye-is-a-wild-hunter-c9-valorant-gameplay-2026,oxy,skye,,non-duelist,895.9,1.28,0.429,False
mvp-oxy-s-skye-is-a-wild-hunter-c9-valorant-gameplay-2026,oxy,skye,,non-duelist,901.6,10.73,0.509,False
mvp-oxy-s-skye-is-a-wild-hunter-c9-valorant-gameplay-2026,oxy,skye,,non-duelist,974.07,0.99,0.459,True
mvp-oxy-s-skye-is-a-wild-hunter-c9-valorant-gameplay-2026,oxy,skye,,non-duelist,976.83,5.69,0.48,False
mvp-oxy-s-skye-is-a-wild-hunter-c9-valorant-gameplay-2026,oxy,skye,,non-duelist,1151.03,0.57,0.624,True
mvp-oxy-s-skye-is-a-wild-hunter-c9-valorant-gameplay-2026,oxy,skye,,non-duelist,1153.0,1.66,0.506,True
mvp-oxy-s-skye-is-a-wild-hunter-c9-valorant-gameplay-2026,oxy,skye,,non-duelist,1164.77,0.35,0.485,True
mvp-oxy-s-skye-is-a-wild-hunter-c9-valorant-gameplay-2026,oxy,skye,,non-duelist,1216.2,22.18,0.639,True
mvp-oxy-s-skye-is-a-wild-hunter-c9-valorant-gameplay-2026,oxy,skye,,non-duelist,1225.07,12.96,0.431,False
mvp-oxy-s-skye-is-a-wild-hunter-c9-valorant-gameplay-2026,oxy,skye,,non-duelist,1235.0,11.58,0.401,True
mvp-oxy-s-skye-is-a-wild-hunter-c9-valorant-gameplay-2026,oxy,skye,,non-duelist,1300.63,2.27,0.687,False
mvp-oxy-s-skye-is-a-wild-hunter-c9-valorant-gameplay-2026,oxy,skye,,non-duelist,1362.23,0.87,0.486,False
mvp-oxy-s-skye-is-a-wild-hunter-c9-valorant-gameplay-2026,oxy,skye,,non-duelist,1363.5,2.39,0.42,False
mvp-oxy-s-skye-is-a-wild-hunter-c9-valorant-gameplay-2026,oxy,skye,,non-duelist,1452.37,2.91,0.598,False
mvp-oxy-s-skye-is-a-wild-hunter-c9-valorant-gameplay-2026,oxy,skye,,non-duelist,1536.57,28.68,0.582,False
mvp-oxy-s-skye-is-a-wild-hunter-c9-valorant-gameplay-2026,oxy,skye,,non-duelist,1547.37,11.67,0.602,False
mvp-oxy-s-skye-is-a-wild-hunter-c9-valorant-gameplay-2026,oxy,skye,,non-duelist,1561.03,0.88,0.422,False
mvp-oxy-s-skye-is-a-wild-hunter-c9-valorant-gameplay-2026,oxy,skye,,non-duelist,1563.67,6.53,0.518,False
mvp-oxy-s-skye-is-a-wild-hunter-c9-valorant-gameplay-2026,oxy,skye,,non-duelist,1622.5,3.03,0.527,False
mvp-oxy-s-skye-is-a-wild-hunter-c9-valorant-gameplay-2026,oxy,skye,,non-duelist,1632.3,1.24,0.727,True
mvp-performance-ion-s-reyna-is-unstoppable-rank-50-gameplay,ion,reyna,,duelist,26.63,11.15,0.517,False
mvp-performance-ion-s-reyna-is-unstoppable-rank-50-gameplay,ion,reyna,,duelist,80.57,0.37,0.446,False
mvp-performance-ion-s-reyna-is-unstoppable-rank-50-gameplay,ion,reyna,,duelist,127.3,0.48,0.566,False
mvp-performance-ion-s-reyna-is-unstoppable-rank-50-gameplay,ion,reyna,,duelist,208.57,1.75,0.489,True
mvp-performance-ion-s-reyna-is-unstoppable-rank-50-gameplay,ion,reyna,,duelist,212.13,0.36,0.478,False
mvp-performance-ion-s-reyna-is-unstoppable-rank-50-gameplay,ion,reyna,,duelist,214.07,4.01,0.571,False
mvp-performance-ion-s-reyna-is-unstoppable-rank-50-gameplay,ion,reyna,,duelist,217.83,0.81,0.438,False
mvp-performance-ion-s-reyna-is-unstoppable-rank-50-gameplay,ion,reyna,,duelist,221.2,0.37,0.667,True
mvp-performance-ion-s-reyna-is-unstoppable-rank-50-gameplay,ion,reyna,,duelist,227.07,0.57,0.657,False
mvp-performance-ion-s-reyna-is-unstoppable-rank-50-gameplay,ion,reyna,,duelist,405.0,6.59,0.49,False
mvp-performance-ion-s-reyna-is-unstoppable-rank-50-gameplay,ion,reyna,,duelist,411.03,0.46,0.435,False
mvp-performance-ion-s-reyna-is-unstoppable-rank-50-gameplay,ion,reyna,,duelist,421.57,1.47,0.671,False
mvp-performance-ion-s-reyna-is-unstoppable-rank-50-gameplay,ion,reyna,,duelist,426.07,0.88,0.63,False
mvp-performance-ion-s-reyna-is-unstoppable-rank-50-gameplay,ion,reyna,,duelist,656.43,10.85,0.487,False
mvp-performance-ion-s-reyna-is-unstoppable-rank-50-gameplay,ion,reyna,,duelist,829.93,0.98,0.445,True
mvp-performance-ion-s-reyna-is-unstoppable-rank-50-gameplay,ion,reyna,,duelist,830.97,3.64,0.609,False
mvp-performance-ion-s-reyna-is-unstoppable-rank-50-gameplay,ion,reyna,,duelist,1063.5,1.19,0.734,False
mvp-performance-ion-s-reyna-is-unstoppable-rank-50-gameplay,ion,reyna,,duelist,1176.07,2.69,0.738,False
mvp-performance-ion-s-reyna-is-unstoppable-rank-50-gameplay,ion,reyna,,duelist,1345.3,6.25,0.407,False
mvp-performance-ion-s-reyna-is-unstoppable-rank-50-gameplay,ion,reyna,,duelist,1414.13,1.1,0.441,False
mvp-performance-ion-s-reyna-is-unstoppable-rank-50-gameplay,ion,reyna,,duelist,1485.0,0.77,0.406,False
mvp-performance-ion-s-reyna-is-unstoppable-rank-50-gameplay,ion,reyna,,duelist,1490.87,1.43,0.432,False
mvp-performance-ion-s-reyna-is-unstoppable-rank-50-gameplay,ion,reyna,,duelist,1505.4,0.38,0.532,False
mvp-performance-ion-s-reyna-is-unstoppable-rank-50-gameplay,ion,reyna,,duelist,1680.3,24.78,0.723,False
mvp-performance-ion-s-reyna-is-unstoppable-rank-50-gameplay,ion,reyna,,duelist,1758.63,0.9,0.514,False
mvp-performance-ion-s-reyna-is-unstoppable-rank-50-gameplay,ion,reyna,,duelist,1761.6,0.25,0.445,False
mvp-performance-ion-s-reyna-is-unstoppable-rank-50-gameplay,ion,reyna,,duelist,1848.17,6.99,0.412,True
mvp-performance-ion-s-reyna-is-unstoppable-rank-50-gameplay,ion,reyna,,duelist,1849.97,0.33,0.439,False
mvp-performance-ion-s-reyna-is-unstoppable-rank-50-gameplay,ion,reyna,,duelist,1860.53,2.24,0.749,False
mvp-performance-ion-s-reyna-is-unstoppable-rank-50-gameplay,ion,reyna,,duelist,1864.9,2.09,0.55,True
mvp-performance-ion-s-reyna-is-unstoppable-rank-50-gameplay,ion,reyna,,duelist,1880.1,0.67,0.459,False
mvp-performance-ion-s-reyna-is-unstoppable-rank-50-gameplay,ion,reyna,,duelist,1880.93,5.19,0.724,False
mvp-performance-ion-s-reyna-is-unstoppable-rank-50-gameplay,ion,reyna,,duelist,1882.5,1.44,0.408,False
mvp-performance-ion-s-reyna-is-unstoppable-rank-50-gameplay,ion,reyna,,duelist,1926.4,2.12,0.53,False
mvp-performance-ion-s-reyna-is-unstoppable-rank-50-gameplay,ion,reyna,,duelist,1927.0,4.36,0.531,False
mvp-performance-ion-s-reyna-is-unstoppable-rank-50-gameplay,ion,reyna,,duelist,1932.83,2.8,0.664,False
mvp-split-the-radiant-yoru-eggsterr-valorant-gameplay-full-match,eggsterr,yoru,split,duelist,28.53,4.06,0.412,True
mvp-split-the-radiant-yoru-eggsterr-valorant-gameplay-full-match,eggsterr,yoru,split,duelist,39.17,4.68,0.685,False
mvp-split-the-radiant-yoru-eggsterr-valorant-gameplay-full-match,eggsterr,yoru,split,duelist,40.07,12.72,0.801,False
mvp-split-the-radiant-yoru-eggsterr-valorant-gameplay-full-match,eggsterr,yoru,split,duelist,107.67,1.58,0.589,True
mvp-split-the-radiant-yoru-eggsterr-valorant-gameplay-full-match,eggsterr,yoru,split,duelist,108.73,2.75,0.461,True
mvp-split-the-radiant-yoru-eggsterr-valorant-gameplay-full-match,eggsterr,yoru,split,duelist,202.0,2.42,0.706,False
mvp-split-the-radiant-yoru-eggsterr-valorant-gameplay-full-match,eggsterr,yoru,split,duelist,252.0,3.6,0.487,False
mvp-split-the-radiant-yoru-eggsterr-valorant-gameplay-full-match,eggsterr,yoru,split,duelist,253.0,4.54,0.649,False
mvp-split-the-radiant-yoru-eggsterr-valorant-gameplay-full-match,eggsterr,yoru,split,duelist,262.27,3.57,0.434,True
mvp-split-the-radiant-yoru-eggsterr-valorant-gameplay-full-match,eggsterr,yoru,split,duelist,285.1,15.25,0.559,False
mvp-split-the-radiant-yoru-eggsterr-valorant-gameplay-full-match,eggsterr,yoru,split,duelist,368.93,1.95,0.643,False
mvp-split-the-radiant-yoru-eggsterr-valorant-gameplay-full-match,eggsterr,yoru,split,duelist,675.4,2.48,0.777,True
mvp-split-the-radiant-yoru-eggsterr-valorant-gameplay-full-match,eggsterr,yoru,split,duelist,770.33,2.08,0.405,False
mvp-split-the-radiant-yoru-eggsterr-valorant-gameplay-full-match,eggsterr,yoru,split,duelist,774.13,8.72,0.582,True
mvp-split-the-radiant-yoru-eggsterr-valorant-gameplay-full-match,eggsterr,yoru,split,duelist,775.0,5.89,0.633,True
mvp-split-the-radiant-yoru-eggsterr-valorant-gameplay-full-match,eggsterr,yoru,split,duelist,791.57,7.44,0.424,False
mvp-split-the-radiant-yoru-eggsterr-valorant-gameplay-full-match,eggsterr,yoru,split,duelist,963.93,1.76,0.563,True
mvp-split-the-radiant-yoru-eggsterr-valorant-gameplay-full-match,eggsterr,yoru,split,duelist,981.27,2.19,0.604,False
mvp-split-the-radiant-yoru-eggsterr-valorant-gameplay-full-match,eggsterr,yoru,split,duelist,1036.9,2.83,0.462,False
mvp-split-the-radiant-yoru-eggsterr-valorant-gameplay-full-match,eggsterr,yoru,split,duelist,1115.23,1.74,0.802,True
mvp-split-the-radiant-yoru-eggsterr-valorant-gameplay-full-match,eggsterr,yoru,split,duelist,1165.03,25.72,0.614,True
mvp-split-the-radiant-yoru-eggsterr-valorant-gameplay-full-match,eggsterr,yoru,split,duelist,1240.03,1.1,0.575,True
mvp-split-the-radiant-yoru-eggsterr-valorant-gameplay-full-match,eggsterr,yoru,split,duelist,1241.63,2.28,0.517,True
mvp-split-the-radiant-yoru-eggsterr-valorant-gameplay-full-match,eggsterr,yoru,split,duelist,1329.03,1.78,0.612,True
mvp-split-the-radiant-yoru-eggsterr-valorant-gameplay-full-match,eggsterr,yoru,split,duelist,1435.9,6.17,0.642,False
mvp-split-the-radiant-yoru-eggsterr-valorant-gameplay-full-match,eggsterr,yoru,split,duelist,1459.43,4.14,0.456,True
mvp-split-the-radiant-yoru-eggsterr-valorant-gameplay-full-match,eggsterr,yoru,split,duelist,1507.1,0.5,0.521,True
mvp-split-the-radiant-yoru-eggsterr-valorant-gameplay-full-match,eggsterr,yoru,split,duelist,1591.07,36.17,0.46,True
mvp-split-the-radiant-yoru-eggsterr-valorant-gameplay-full-match,eggsterr,yoru,split,duelist,1709.9,3.78,0.553,True
mvp-split-the-radiant-yoru-eggsterr-valorant-gameplay-full-match,eggsterr,yoru,split,duelist,1791.1,1.99,0.456,True
mvp-split-the-radiant-yoru-eggsterr-valorant-gameplay-full-match,eggsterr,yoru,split,duelist,1792.93,1.96,0.491,True
mvp-split-the-radiant-yoru-eggsterr-valorant-gameplay-full-match,eggsterr,yoru,split,duelist,1832.07,29.06,0.736,False
mvp-split-the-radiant-yoru-eggsterr-valorant-gameplay-full-match,eggsterr,yoru,split,duelist,1841.13,3.38,0.589,True
mvp-split-the-radiant-yoru-eggsterr-valorant-gameplay-full-match,eggsterr,yoru,split,duelist,2071.03,13.49,0.412,True
mvp-split-the-radiant-yoru-eggsterr-valorant-gameplay-full-match,eggsterr,yoru,split,duelist,2141.67,0.58,0.438,True
mvp-split-the-radiant-yoru-eggsterr-valorant-gameplay-full-match,eggsterr,yoru,split,duelist,2414.17,26.94,0.522,False
mvp-split-the-radiant-yoru-eggsterr-valorant-gameplay-full-match,eggsterr,yoru,split,duelist,2495.0,2.01,0.443,False
mvp-split-the-radiant-yoru-eggsterr-valorant-gameplay-full-match,eggsterr,yoru,split,duelist,2548.53,3.24,0.636,True
mvp-the-champion-returns-nrg-s0m-on-raze-is-unstoppable,s0m,raze,,duelist,12.5,5.61,0.577,True
mvp-the-champion-returns-nrg-s0m-on-raze-is-unstoppable,s0m,raze,,duelist,13.37,5.81,0.69,True
mvp-the-champion-returns-nrg-s0m-on-raze-is-unstoppable,s0m,raze,,duelist,121.7,11.09,0.454,True
mvp-the-champion-returns-nrg-s0m-on-raze-is-unstoppable,s0m,raze,,duelist,129.93,2.46,0.726,True
mvp-the-champion-returns-nrg-s0m-on-raze-is-unstoppable,s0m,raze,,duelist,229.3,23.41,0.432,False
mvp-the-champion-returns-nrg-s0m-on-raze-is-unstoppable,s0m,raze,,duelist,313.5,0.67,0.54,False
mvp-the-champion-returns-nrg-s0m-on-raze-is-unstoppable,s0m,raze,,duelist,334.93,16.99,0.435,True
mvp-the-champion-returns-nrg-s0m-on-raze-is-unstoppable,s0m,raze,,duelist,336.6,0.7,0.443,True
mvp-the-champion-returns-nrg-s0m-on-raze-is-unstoppable,s0m,raze,,duelist,396.53,3.75,0.489,False
mvp-the-champion-returns-nrg-s0m-on-raze-is-unstoppable,s0m,raze,,duelist,398.27,2.96,0.405,True
mvp-the-champion-returns-nrg-s0m-on-raze-is-unstoppable,s0m,raze,,duelist,473.2,3.36,0.777,False
mvp-the-champion-returns-nrg-s0m-on-raze-is-unstoppable,s0m,raze,,duelist,602.13,12.31,0.617,True
mvp-the-champion-returns-nrg-s0m-on-raze-is-unstoppable,s0m,raze,,duelist,897.1,0.38,0.485,True
mvp-the-champion-returns-nrg-s0m-on-raze-is-unstoppable,s0m,raze,,duelist,1027.87,19.54,0.421,False
mvp-the-champion-returns-nrg-s0m-on-raze-is-unstoppable,s0m,raze,,duelist,1031.63,12.74,0.762,True
mvp-the-champion-returns-nrg-s0m-on-raze-is-unstoppable,s0m,raze,,duelist,1041.9,1.14,0.479,False
mvp-the-champion-returns-nrg-s0m-on-raze-is-unstoppable,s0m,raze,,duelist,1044.5,16.38,0.548,True
mvp-the-champion-returns-nrg-s0m-on-raze-is-unstoppable,s0m,raze,,duelist,1049.27,6.76,0.683,False
mvp-tl-nats-pro-player-viper-masterclass-valorant-ranked-gameplay,nats,viper,,non-duelist,50.3,1.8,0.62,False
mvp-tl-nats-pro-player-viper-masterclass-valorant-ranked-gameplay,nats,viper,,non-duelist,152.43,2.67,0.585,True
mvp-tl-nats-pro-player-viper-masterclass-valorant-ranked-gameplay,nats,viper,,non-duelist,252.27,1.07,0.617,False
mvp-tl-nats-pro-player-viper-masterclass-valorant-ranked-gameplay,nats,viper,,non-duelist,309.07,0.66,0.422,False
mvp-tl-nats-pro-player-viper-masterclass-valorant-ranked-gameplay,nats,viper,,non-duelist,318.3,0.93,0.45,True
mvp-tl-nats-pro-player-viper-masterclass-valorant-ranked-gameplay,nats,viper,,non-duelist,431.73,0.51,0.407,False
mvp-tl-nats-pro-player-viper-masterclass-valorant-ranked-gameplay,nats,viper,,non-duelist,496.0,25.4,0.762,True
mvp-tl-nats-pro-player-viper-masterclass-valorant-ranked-gameplay,nats,viper,,non-duelist,498.57,12.08,0.43,False
mvp-tl-nats-pro-player-viper-masterclass-valorant-ranked-gameplay,nats,viper,,non-duelist,504.53,3.94,0.817,True
mvp-tl-nats-pro-player-viper-masterclass-valorant-ranked-gameplay,nats,viper,,non-duelist,505.57,6.79,0.721,True
mvp-tl-nats-pro-player-viper-masterclass-valorant-ranked-gameplay,nats,viper,,non-duelist,526.4,1.77,0.493,True
mvp-tl-nats-pro-player-viper-masterclass-valorant-ranked-gameplay,nats,viper,,non-duelist,593.73,0.73,0.407,False
mvp-tl-nats-pro-player-viper-masterclass-valorant-ranked-gameplay,nats,viper,,non-duelist,594.83,12.07,0.418,False
mvp-tl-nats-pro-player-viper-masterclass-valorant-ranked-gameplay,nats,viper,,non-duelist,712.9,7.09,0.66,True
mvp-tl-nats-pro-player-viper-masterclass-valorant-ranked-gameplay,nats,viper,,non-duelist,932.77,0.55,0.447,True
mvp-tl-nats-pro-player-viper-masterclass-valorant-ranked-gameplay,nats,viper,,non-duelist,936.67,3.52,0.452,False
mvp-tl-nats-pro-player-viper-masterclass-valorant-ranked-gameplay,nats,viper,,non-duelist,945.5,6.83,0.545,False
mvp-tl-nats-pro-player-viper-masterclass-valorant-ranked-gameplay,nats,viper,,non-duelist,1042.7,5.88,0.628,True
mvp-tl-nats-pro-player-viper-masterclass-valorant-ranked-gameplay,nats,viper,,non-duelist,1082.73,3.57,0.569,False
mvp-tl-nats-pro-player-viper-masterclass-valorant-ranked-gameplay,nats,viper,,non-duelist,1283.83,4.99,0.485,True
mvp-tl-nats-pro-player-viper-masterclass-valorant-ranked-gameplay,nats,viper,,non-duelist,1379.37,1.1,0.419,True
mvp-tl-nats-pro-player-viper-masterclass-valorant-ranked-gameplay,nats,viper,,non-duelist,1407.73,7.15,0.805,False
mvp-tl-nats-pro-player-viper-masterclass-valorant-ranked-gameplay,nats,viper,,non-duelist,1409.07,2.7,0.517,True
mvp-tl-nats-pro-player-viper-masterclass-valorant-ranked-gameplay,nats,viper,,non-duelist,1477.07,48.59,0.68,True
mvp-tl-nats-pro-player-viper-masterclass-valorant-ranked-gameplay,nats,viper,,non-duelist,1477.77,24.1,0.686,False
mvp-tl-nats-pro-player-viper-masterclass-valorant-ranked-gameplay,nats,viper,,non-duelist,1509.27,4.9,0.502,False
mvp-tl-nats-pro-player-viper-masterclass-valorant-ranked-gameplay,nats,viper,,non-duelist,1642.77,7.96,0.438,True
mvp-tl-nats-pro-player-viper-masterclass-valorant-ranked-gameplay,nats,viper,,non-duelist,1753.0,12.38,0.614,False
mvp-tl-nats-pro-player-viper-masterclass-valorant-ranked-gameplay,nats,viper,,non-duelist,1807.8,10.86,0.585,False
mvp-tl-nats-pro-player-viper-masterclass-valorant-ranked-gameplay,nats,viper,,non-duelist,1815.3,8.77,0.756,True
mvp-tl-nats-pro-player-viper-masterclass-valorant-ranked-gameplay,nats,viper,,non-duelist,1885.3,0.57,0.402,True
mvp-tl-nats-pro-player-viper-masterclass-valorant-ranked-gameplay,nats,viper,,non-duelist,2018.0,1.21,0.409,True
mvp-tl-nats-pro-player-viper-masterclass-valorant-ranked-gameplay,nats,viper,,non-duelist,2095.43,5.01,0.483,True
mvp-tl-nats-pro-player-viper-masterclass-valorant-ranked-gameplay,nats,viper,,non-duelist,2102.3,3.17,0.429,True
mvp-world-champion-nrg-s0m-s-clove-is-a-masterclass-valorant-ranked-gameplay,s0m,clove,,non-duelist,228.13,0.38,0.43,True
mvp-world-champion-nrg-s0m-s-clove-is-a-masterclass-valorant-ranked-gameplay,s0m,clove,,non-duelist,233.93,0.63,0.525,True
mvp-world-champion-nrg-s0m-s-clove-is-a-masterclass-valorant-ranked-gameplay,s0m,clove,,non-duelist,392.83,0.91,0.563,True
mvp-world-champion-nrg-s0m-s-clove-is-a-masterclass-valorant-ranked-gameplay,s0m,clove,,non-duelist,396.0,2.71,0.71,False
mvp-world-champion-nrg-s0m-s-clove-is-a-masterclass-valorant-ranked-gameplay,s0m,clove,,non-duelist,399.77,2.67,0.429,True
mvp-world-champion-nrg-s0m-s-clove-is-a-masterclass-valorant-ranked-gameplay,s0m,clove,,non-duelist,623.97,0.92,0.42,True
mvp-world-champion-nrg-s0m-s-clove-is-a-masterclass-valorant-ranked-gameplay,s0m,clove,,non-duelist,715.13,1.55,0.47,True
mvp-world-champion-nrg-s0m-s-clove-is-a-masterclass-valorant-ranked-gameplay,s0m,clove,,non-duelist,776.57,4.27,0.458,False
mvp-world-champion-nrg-s0m-s-clove-is-a-masterclass-valorant-ranked-gameplay,s0m,clove,,non-duelist,777.17,3.17,0.638,False
mvp-world-champion-nrg-s0m-s-clove-is-a-masterclass-valorant-ranked-gameplay,s0m,clove,,non-duelist,779.07,6.26,0.681,True
mvp-world-champion-nrg-s0m-s-clove-is-a-masterclass-valorant-ranked-gameplay,s0m,clove,,non-duelist,797.13,0.48,0.436,False
mvp-world-champion-nrg-s0m-s-clove-is-a-masterclass-valorant-ranked-gameplay,s0m,clove,,non-duelist,891.27,0.31,0.547,False
mvp-world-champion-nrg-s0m-s-clove-is-a-masterclass-valorant-ranked-gameplay,s0m,clove,,non-duelist,892.87,9.39,0.471,False
mvp-world-champion-nrg-s0m-s-clove-is-a-masterclass-valorant-ranked-gameplay,s0m,clove,,non-duelist,971.6,10.22,0.781,False
mvp-world-champion-nrg-s0m-s-clove-is-a-masterclass-valorant-ranked-gameplay,s0m,clove,,non-duelist,1053.13,0.41,0.468,True
mvp-world-champion-nrg-s0m-s-clove-is-a-masterclass-valorant-ranked-gameplay,s0m,clove,,non-duelist,1056.13,0.39,0.419,True
mvp-world-champion-nrg-s0m-s-clove-is-a-masterclass-valorant-ranked-gameplay,s0m,clove,,non-duelist,1141.2,0.61,0.482,True
mvp-world-champion-nrg-s0m-s-clove-is-a-masterclass-valorant-ranked-gameplay,s0m,clove,,non-duelist,1152.13,0.81,0.614,True
mvp-world-champion-nrg-s0m-s-clove-is-a-masterclass-valorant-ranked-gameplay,s0m,clove,,non-duelist,1222.43,2.16,0.751,True
mvp-world-champion-nrg-s0m-s-clove-is-a-masterclass-valorant-ranked-gameplay,s0m,clove,,non-duelist,1315.23,2.2,0.512,False
mvp-world-champion-nrg-s0m-s-clove-is-a-masterclass-valorant-ranked-gameplay,s0m,clove,,non-duelist,1322.27,1.12,0.668,False
mvp-world-champion-nrg-s0m-s-clove-is-a-masterclass-valorant-ranked-gameplay,s0m,clove,,non-duelist,1324.8,18.91,0.41,True
mvp-world-champion-nrg-s0m-s-clove-is-a-masterclass-valorant-ranked-gameplay,s0m,clove,,non-duelist,1325.4,3.13,0.774,True
mvp-world-champion-nrg-s0m-s-clove-is-a-masterclass-valorant-ranked-gameplay,s0m,clove,,non-duelist,1384.57,2.24,0.563,True
mvp-world-champion-nrg-s0m-s-clove-is-a-masterclass-valorant-ranked-gameplay,s0m,clove,,non-duelist,1397.47,2.03,0.592,True
mvp-world-champion-nrg-s0m-s-clove-is-a-masterclass-valorant-ranked-gameplay,s0m,clove,,non-duelist,1656.07,3.42,0.531,False
mvp-world-champion-nrg-s0m-s-clove-is-a-masterclass-valorant-ranked-gameplay,s0m,clove,,non-duelist,1663.0,2.38,0.578,True
mvp-world-champion-nrg-s0m-s-clove-is-a-masterclass-valorant-ranked-gameplay,s0m,clove,,non-duelist,1664.17,4.13,0.763,True
mvp-world-champion-nrg-s0m-s-clove-is-a-masterclass-valorant-ranked-gameplay,s0m,clove,,non-duelist,1665.2,9.39,0.564,True
mvp-world-champion-nrg-s0m-s-clove-is-a-masterclass-valorant-ranked-gameplay,s0m,clove,,non-duelist,1728.93,1.89,0.51,True
mvp-world-champion-nrg-s0m-s-clove-is-a-masterclass-valorant-ranked-gameplay,s0m,clove,,non-duelist,1735.2,7.09,0.552,True
mvp-world-champion-nrg-s0m-s-clove-is-a-masterclass-valorant-ranked-gameplay,s0m,clove,,non-duelist,1761.57,2.66,0.423,True
nats-vyse-is-a-tactical-masterpiece-the-sentinel-god-at-work,nats,vyse,,non-duelist,35.23,2.72,0.53,False
nats-vyse-is-a-tactical-masterpiece-the-sentinel-god-at-work,nats,vyse,,non-duelist,130.17,1.24,0.421,False
nats-vyse-is-a-tactical-masterpiece-the-sentinel-god-at-work,nats,vyse,,non-duelist,208.27,2.01,0.666,False
nats-vyse-is-a-tactical-masterpiece-the-sentinel-god-at-work,nats,vyse,,non-duelist,294.3,11.12,0.477,False
nats-vyse-is-a-tactical-masterpiece-the-sentinel-god-at-work,nats,vyse,,non-duelist,520.87,17.53,0.65,False
nats-vyse-is-a-tactical-masterpiece-the-sentinel-god-at-work,nats,vyse,,non-duelist,601.0,0.67,0.758,False
nats-vyse-is-a-tactical-masterpiece-the-sentinel-god-at-work,nats,vyse,,non-duelist,604.4,10.28,0.794,False
nats-vyse-is-a-tactical-masterpiece-the-sentinel-god-at-work,nats,vyse,,non-duelist,643.43,2.16,0.433,False
nats-vyse-is-a-tactical-masterpiece-the-sentinel-god-at-work,nats,vyse,,non-duelist,644.2,3.39,0.515,False
nats-vyse-is-a-tactical-masterpiece-the-sentinel-god-at-work,nats,vyse,,non-duelist,710.67,15.64,0.585,False
nats-vyse-is-a-tactical-masterpiece-the-sentinel-god-at-work,nats,vyse,,non-duelist,774.2,33.14,0.512,False
nats-vyse-is-a-tactical-masterpiece-the-sentinel-god-at-work,nats,vyse,,non-duelist,908.73,20.58,0.756,False
nats-vyse-is-a-tactical-masterpiece-the-sentinel-god-at-work,nats,vyse,,non-duelist,974.2,1.82,0.584,False
nats-vyse-is-a-tactical-masterpiece-the-sentinel-god-at-work,nats,vyse,,non-duelist,1163.73,4.0,0.626,False
nats-vyse-is-a-tactical-masterpiece-the-sentinel-god-at-work,nats,vyse,,non-duelist,1170.33,17.71,0.75,False
nats-vyse-is-a-tactical-masterpiece-the-sentinel-god-at-work,nats,vyse,,non-duelist,1290.07,1.72,0.451,False
nats-vyse-is-a-tactical-masterpiece-the-sentinel-god-at-work,nats,vyse,,non-duelist,1341.93,0.42,0.508,False
nats-vyse-is-a-tactical-masterpiece-the-sentinel-god-at-work,nats,vyse,,non-duelist,1360.17,0.36,0.406,False
nats-vyse-is-a-tactical-masterpiece-the-sentinel-god-at-work,nats,vyse,,non-duelist,1602.67,16.75,0.422,True
nats-vyse-is-a-tactical-masterpiece-the-sentinel-god-at-work,nats,vyse,,non-duelist,1670.6,6.65,0.713,True
nats-vyse-is-a-tactical-masterpiece-the-sentinel-god-at-work,nats,vyse,,non-duelist,1672.87,2.63,0.571,False
nobody-out-runs-oxy-s-neon-valorant-breeze-ranked-gameplay,oxy,neon,breeze,duelist,88.43,32.89,0.473,False
nobody-out-runs-oxy-s-neon-valorant-breeze-ranked-gameplay,oxy,neon,breeze,duelist,91.3,7.27,0.451,True
nobody-out-runs-oxy-s-neon-valorant-breeze-ranked-gameplay,oxy,neon,breeze,duelist,92.6,16.37,0.575,False
nobody-out-runs-oxy-s-neon-valorant-breeze-ranked-gameplay,oxy,neon,breeze,duelist,96.53,4.33,0.533,True
nobody-out-runs-oxy-s-neon-valorant-breeze-ranked-gameplay,oxy,neon,breeze,duelist,149.3,0.9,0.455,True
nobody-out-runs-oxy-s-neon-valorant-breeze-ranked-gameplay,oxy,neon,breeze,duelist,160.2,4.53,0.708,True
nobody-out-runs-oxy-s-neon-valorant-breeze-ranked-gameplay,oxy,neon,breeze,duelist,235.37,3.48,0.546,True
nobody-out-runs-oxy-s-neon-valorant-breeze-ranked-gameplay,oxy,neon,breeze,duelist,293.17,0.95,0.41,False
nobody-out-runs-oxy-s-neon-valorant-breeze-ranked-gameplay,oxy,neon,breeze,duelist,485.93,4.18,0.445,False
nobody-out-runs-oxy-s-neon-valorant-breeze-ranked-gameplay,oxy,neon,breeze,duelist,534.0,0.44,0.623,True
nobody-out-runs-oxy-s-neon-valorant-breeze-ranked-gameplay,oxy,neon,breeze,duelist,543.3,0.81,0.732,False
nobody-out-runs-oxy-s-neon-valorant-breeze-ranked-gameplay,oxy,neon,breeze,duelist,675.53,5.79,0.74,True
nobody-out-runs-oxy-s-neon-valorant-breeze-ranked-gameplay,oxy,neon,breeze,duelist,771.93,0.28,0.46,True
nobody-out-runs-oxy-s-neon-valorant-breeze-ranked-gameplay,oxy,neon,breeze,duelist,784.83,2.45,0.439,False
nobody-out-runs-oxy-s-neon-valorant-breeze-ranked-gameplay,oxy,neon,breeze,duelist,982.4,10.48,0.417,True
nrg-s0m-s-clove-is-a-menace-48-rank-mvp-valorant-ranked-gameplay,s0m,clove,,non-duelist,6.03,0.82,0.834,False
nrg-s0m-s-clove-is-a-menace-48-rank-mvp-valorant-ranked-gameplay,s0m,clove,,non-duelist,15.3,2.32,0.459,False
nrg-s0m-s-clove-is-a-menace-48-rank-mvp-valorant-ranked-gameplay,s0m,clove,,non-duelist,262.77,1.72,0.645,True
nrg-s0m-s-clove-is-a-menace-48-rank-mvp-valorant-ranked-gameplay,s0m,clove,,non-duelist,298.8,4.08,0.685,True
nrg-s0m-s-clove-is-a-menace-48-rank-mvp-valorant-ranked-gameplay,s0m,clove,,non-duelist,502.2,10.03,0.56,False
nrg-s0m-s-clove-is-a-menace-48-rank-mvp-valorant-ranked-gameplay,s0m,clove,,non-duelist,612.47,7.39,0.46,True
nrg-s0m-s-clove-is-a-menace-48-rank-mvp-valorant-ranked-gameplay,s0m,clove,,non-duelist,706.93,2.29,0.754,False
nrg-s0m-s-clove-is-a-menace-48-rank-mvp-valorant-ranked-gameplay,s0m,clove,,non-duelist,758.07,12.34,0.45,True
nrg-s0m-s-clove-is-a-menace-48-rank-mvp-valorant-ranked-gameplay,s0m,clove,,non-duelist,1058.13,2.34,0.472,True
nrg-s0m-s-clove-is-a-menace-48-rank-mvp-valorant-ranked-gameplay,s0m,clove,,non-duelist,1139.87,1.82,0.47,True
nrg-s0m-s-clove-is-a-menace-48-rank-mvp-valorant-ranked-gameplay,s0m,clove,,non-duelist,1188.9,2.53,0.694,False
nrg-s0m-s-clove-is-a-menace-48-rank-mvp-valorant-ranked-gameplay,s0m,clove,,non-duelist,1189.47,5.98,0.78,True
nrg-s0m-s-clove-is-a-menace-48-rank-mvp-valorant-ranked-gameplay,s0m,clove,,non-duelist,1296.33,2.91,0.636,True
nrg-s0m-s-clove-is-a-menace-48-rank-mvp-valorant-ranked-gameplay,s0m,clove,,non-duelist,1450.47,2.96,0.502,False
nrg-s0m-s-clove-is-a-menace-48-rank-mvp-valorant-ranked-gameplay,s0m,clove,,non-duelist,1484.3,20.6,0.481,True
nrg-s0m-s-clove-is-a-menace-48-rank-mvp-valorant-ranked-gameplay,s0m,clove,,non-duelist,1714.97,4.17,0.575,False
nrg-s0m-s-clove-is-a-menace-48-rank-mvp-valorant-ranked-gameplay,s0m,clove,,non-duelist,1720.63,10.55,0.82,True
nrg-s0m-s-clove-is-a-menace-48-rank-mvp-valorant-ranked-gameplay,s0m,clove,,non-duelist,1934.47,1.36,0.54,True
nrg-s0m-s-clove-is-a-menace-48-rank-mvp-valorant-ranked-gameplay,s0m,clove,,non-duelist,1946.2,4.19,0.672,True
nrg-s0m-s-skye-is-unstoppable-valorant-gameplay,s0m,skye,,non-duelist,122.93,16.03,0.812,True
nrg-s0m-s-skye-is-unstoppable-valorant-gameplay,s0m,skye,,non-duelist,149.93,1.87,0.617,False
nrg-s0m-s-skye-is-unstoppable-valorant-gameplay,s0m,skye,,non-duelist,211.6,1.96,0.619,True
nrg-s0m-s-skye-is-unstoppable-valorant-gameplay,s0m,skye,,non-duelist,373.17,27.37,0.427,False
nrg-s0m-s-skye-is-unstoppable-valorant-gameplay,s0m,skye,,non-duelist,426.73,3.77,0.621,False
nrg-s0m-s-skye-is-unstoppable-valorant-gameplay,s0m,skye,,non-duelist,729.7,7.31,0.619,True
nrg-s0m-s-skye-is-unstoppable-valorant-gameplay,s0m,skye,,non-duelist,740.1,1.73,0.658,False
nrg-s0m-s-skye-is-unstoppable-valorant-gameplay,s0m,skye,,non-duelist,835.3,2.26,0.415,False
nrg-s0m-s-skye-is-unstoppable-valorant-gameplay,s0m,skye,,non-duelist,844.7,0.85,0.45,False
nrg-s0m-s-skye-is-unstoppable-valorant-gameplay,s0m,skye,,non-duelist,1042.47,7.11,0.775,True
nrg-s0m-s-skye-is-unstoppable-valorant-gameplay,s0m,skye,,non-duelist,1288.17,7.69,0.713,False
nrg-s0m-s-skye-is-unstoppable-valorant-gameplay,s0m,skye,,non-duelist,1291.17,1.91,0.42,False
oxy-s-jett-is-pure-aggression-mvp-25-elims,oxy,jett,,duelist,27.0,2.91,0.582,False
oxy-s-jett-is-pure-aggression-mvp-25-elims,oxy,jett,,duelist,32.17,0.71,0.537,False
oxy-s-jett-is-pure-aggression-mvp-25-elims,oxy,jett,,duelist,38.33,6.67,0.617,False
oxy-s-jett-is-pure-aggression-mvp-25-elims,oxy,jett,,duelist,86.73,2.94,0.469,True
oxy-s-jett-is-pure-aggression-mvp-25-elims,oxy,jett,,duelist,98.57,9.25,0.419,False
oxy-s-jett-is-pure-aggression-mvp-25-elims,oxy,jett,,duelist,141.13,7.96,0.589,False
oxy-s-jett-is-pure-aggression-mvp-25-elims,oxy,jett,,duelist,190.47,0.3,0.46,False
oxy-s-jett-is-pure-aggression-mvp-25-elims,oxy,jett,,duelist,192.47,37.86,0.529,True
oxy-s-jett-is-pure-aggression-mvp-25-elims,oxy,jett,,duelist,311.8,1.03,0.568,False
oxy-s-jett-is-pure-aggression-mvp-25-elims,oxy,jett,,duelist,316.43,15.32,0.562,True
oxy-s-jett-is-pure-aggression-mvp-25-elims,oxy,jett,,duelist,317.43,10.66,0.476,False
oxy-s-jett-is-pure-aggression-mvp-25-elims,oxy,jett,,duelist,459.47,0.55,0.456,False
oxy-s-jett-is-pure-aggression-mvp-25-elims,oxy,jett,,duelist,460.87,3.74,0.542,False
oxy-s-jett-is-pure-aggression-mvp-25-elims,oxy,jett,,duelist,479.13,6.92,0.404,False
oxy-s-jett-is-pure-aggression-mvp-25-elims,oxy,jett,,duelist,480.47,7.09,0.404,False
oxy-s-jett-is-pure-aggression-mvp-25-elims,oxy,jett,,duelist,481.43,13.04,0.505,True
oxy-s-jett-is-pure-aggression-mvp-25-elims,oxy,jett,,duelist,549.0,0.39,0.456,False
oxy-s-jett-is-pure-aggression-mvp-25-elims,oxy,jett,,duelist,625.67,44.09,0.515,True
oxy-s-jett-is-pure-aggression-mvp-25-elims,oxy,jett,,duelist,707.63,1.25,0.693,False
oxy-s-jett-is-pure-aggression-mvp-25-elims,oxy,jett,,duelist,855.9,6.68,0.734,True
oxy-s-jett-is-pure-aggression-mvp-25-elims,oxy,jett,,duelist,972.3,3.47,0.65,False
oxy-s-jett-is-pure-aggression-mvp-25-elims,oxy,jett,,duelist,975.5,4.53,0.575,True
oxy-s-jett-is-pure-aggression-mvp-25-elims,oxy,jett,,duelist,984.23,12.95,0.475,True
oxy-s-jett-is-pure-aggression-mvp-25-elims,oxy,jett,,duelist,1056.6,4.03,0.793,False
oxy-s-jett-is-pure-aggression-mvp-25-elims,oxy,jett,,duelist,1182.7,3.16,0.428,True
oxy-s-jett-is-pure-aggression-mvp-25-elims,oxy,jett,,duelist,1286.13,15.8,0.702,True
oxy-s-jett-is-pure-aggression-mvp-25-elims,oxy,jett,,duelist,1287.1,5.4,0.556,False
oxy-s-jett-is-pure-aggression-mvp-25-elims,oxy,jett,,duelist,1373.13,1.74,0.41,True
oxy-s-jett-is-pure-aggression-mvp-25-elims,oxy,jett,,duelist,1402.47,1.56,0.426,False
oxy-s-jett-is-pure-aggression-mvp-25-elims,oxy,jett,,duelist,1485.57,10.43,0.578,True
oxy-s-jett-is-pure-aggression-mvp-25-elims,oxy,jett,,duelist,1664.9,6.78,0.741,False
oxy-s-jett-is-pure-aggression-mvp-25-elims,oxy,jett,,duelist,1866.1,2.67,0.409,False
oxy-s-jett-is-pure-aggression-mvp-25-elims,oxy,jett,,duelist,1981.67,38.44,0.539,True
oxy-s-jett-is-pure-aggression-mvp-25-elims,oxy,jett,,duelist,1983.6,7.97,0.417,True
oxy-s-jett-is-pure-aggression-mvp-25-elims,oxy,jett,,duelist,2078.5,3.49,0.61,False
oxy-s-jett-is-pure-aggression-mvp-25-elims,oxy,jett,,duelist,2167.47,1.62,0.448,True
oxy-s-jett-is-pure-aggression-mvp-25-elims,oxy,jett,,duelist,2190.13,19.8,0.714,True
oxy-s-jett-is-pure-aggression-mvp-25-elims,oxy,jett,,duelist,2354.87,1.3,0.679,False
oxy-s-jett-is-pure-aggression-mvp-25-elims,oxy,jett,,duelist,2459.9,30.57,0.406,True
oxy-s-jett-is-pure-aggression-mvp-25-elims,oxy,jett,,duelist,2460.47,12.57,0.673,False
oxy-s-neon-destroys-radiant-ranked-mvp-30-elims,oxy,neon,,duelist,17.5,5.58,0.802,True
oxy-s-neon-destroys-radiant-ranked-mvp-30-elims,oxy,neon,,duelist,42.77,1.83,0.408,False
oxy-s-neon-destroys-radiant-ranked-mvp-30-elims,oxy,neon,,duelist,116.93,4.36,0.716,False
oxy-s-neon-destroys-radiant-ranked-mvp-30-elims,oxy,neon,,duelist,253.23,4.77,0.43,False
oxy-s-neon-destroys-radiant-ranked-mvp-30-elims,oxy,neon,,duelist,255.67,0.49,0.422,False
oxy-s-neon-destroys-radiant-ranked-mvp-30-elims,oxy,neon,,duelist,328.93,13.62,0.748,False
oxy-s-neon-destroys-radiant-ranked-mvp-30-elims,oxy,neon,,duelist,531.67,1.73,0.567,False
oxy-s-neon-destroys-radiant-ranked-mvp-30-elims,oxy,neon,,duelist,533.6,3.57,0.432,True
oxy-s-neon-destroys-radiant-ranked-mvp-30-elims,oxy,neon,,duelist,608.87,2.86,0.644,False
oxy-s-neon-destroys-radiant-ranked-mvp-30-elims,oxy,neon,,duelist,668.83,0.5,0.515,True
oxy-s-neon-destroys-radiant-ranked-mvp-30-elims,oxy,neon,,duelist,693.47,5.16,0.528,False
oxy-s-neon-destroys-radiant-ranked-mvp-30-elims,oxy,neon,,duelist,694.13,2.08,0.577,False
oxy-s-neon-destroys-radiant-ranked-mvp-30-elims,oxy,neon,,duelist,696.63,2.71,0.553,False
oxy-s-neon-destroys-radiant-ranked-mvp-30-elims,oxy,neon,,duelist,751.83,1.78,0.662,False
oxy-s-neon-destroys-radiant-ranked-mvp-30-elims,oxy,neon,,duelist,757.7,1.33,0.579,False
oxy-s-neon-destroys-radiant-ranked-mvp-30-elims,oxy,neon,,duelist,1035.4,4.3,0.498,False
oxy-s-neon-destroys-radiant-ranked-mvp-30-elims,oxy,neon,,duelist,1036.93,5.98,0.8,False
oxy-s-neon-destroys-radiant-ranked-mvp-30-elims,oxy,neon,,duelist,1044.87,0.33,0.455,False
oxy-s-neon-destroys-radiant-ranked-mvp-30-elims,oxy,neon,,duelist,1046.8,2.25,0.501,False
oxy-s-neon-destroys-radiant-ranked-mvp-30-elims,oxy,neon,,duelist,1093.63,1.12,0.415,True
oxy-s-neon-destroys-radiant-ranked-mvp-30-elims,oxy,neon,,duelist,1115.2,1.09,0.477,False
oxy-s-neon-destroys-radiant-ranked-mvp-30-elims,oxy,neon,,duelist,1118.47,9.54,0.769,False
oxy-s-neon-destroys-radiant-ranked-mvp-30-elims,oxy,neon,,duelist,1165.77,3.61,0.618,True
oxy-s-neon-destroys-radiant-ranked-mvp-30-elims,oxy,neon,,duelist,1232.2,0.84,0.409,True
oxy-s-neon-destroys-radiant-ranked-mvp-30-elims,oxy,neon,,duelist,1407.37,7.1,0.516,True
oxy-s-neon-destroys-radiant-ranked-mvp-30-elims,oxy,neon,,duelist,1409.17,35.78,0.707,True
oxy-s-neon-destroys-radiant-ranked-mvp-30-elims,oxy,neon,,duelist,1427.53,16.08,0.411,True
oxy-s-neon-destroys-radiant-ranked-mvp-30-elims,oxy,neon,,duelist,1486.7,10.27,0.618,True
oxy-s-neon-destroys-radiant-ranked-mvp-30-elims,oxy,neon,,duelist,1494.47,0.69,0.464,True
oxy-s-neon-destroys-radiant-ranked-mvp-30-elims,oxy,neon,,duelist,1495.5,0.96,0.453,True
oxy-s-neon-destroys-radiant-ranked-mvp-30-elims,oxy,neon,,duelist,1539.23,5.14,0.764,True
oxy-s-neon-destroys-radiant-ranked-mvp-30-elims,oxy,neon,,duelist,1540.83,0.5,0.433,True
oxy-s-neon-destroys-radiant-ranked-mvp-30-elims,oxy,neon,,duelist,1562.23,1.34,0.534,False
oxy-s-neon-destroys-radiant-ranked-mvp-30-elims,oxy,neon,,duelist,1632.0,9.57,0.646,False
oxy-s-neon-destroys-radiant-ranked-mvp-30-elims,oxy,neon,,duelist,1696.8,12.57,0.428,True
oxy-s-neon-destroys-radiant-ranked-mvp-30-elims,oxy,neon,,duelist,1722.7,5.2,0.795,False
oxy-tests-the-new-buffed-yoru-patch-13-01-is-he-broken-now-c9-gameplay,oxy,yoru,,duelist,47.8,0.99,0.52,False
oxy-tests-the-new-buffed-yoru-patch-13-01-is-he-broken-now-c9-gameplay,oxy,yoru,,duelist,104.33,4.25,0.505,False
oxy-tests-the-new-buffed-yoru-patch-13-01-is-he-broken-now-c9-gameplay,oxy,yoru,,duelist,134.17,2.97,0.569,True
oxy-tests-the-new-buffed-yoru-patch-13-01-is-he-broken-now-c9-gameplay,oxy,yoru,,duelist,134.97,1.47,0.788,True
oxy-tests-the-new-buffed-yoru-patch-13-01-is-he-broken-now-c9-gameplay,oxy,yoru,,duelist,385.57,0.82,0.56,False
oxy-tests-the-new-buffed-yoru-patch-13-01-is-he-broken-now-c9-gameplay,oxy,yoru,,duelist,462.47,0.58,0.448,True
oxy-tests-the-new-buffed-yoru-patch-13-01-is-he-broken-now-c9-gameplay,oxy,yoru,,duelist,544.17,0.44,0.522,False
oxy-tests-the-new-buffed-yoru-patch-13-01-is-he-broken-now-c9-gameplay,oxy,yoru,,duelist,548.93,11.03,0.783,False
oxy-tests-the-new-buffed-yoru-patch-13-01-is-he-broken-now-c9-gameplay,oxy,yoru,,duelist,627.3,0.77,0.62,True
oxy-tests-the-new-buffed-yoru-patch-13-01-is-he-broken-now-c9-gameplay,oxy,yoru,,duelist,774.53,7.76,0.517,False
oxy-tests-the-new-buffed-yoru-patch-13-01-is-he-broken-now-c9-gameplay,oxy,yoru,,duelist,785.9,17.88,0.645,False
oxy-tests-the-new-buffed-yoru-patch-13-01-is-he-broken-now-c9-gameplay,oxy,yoru,,duelist,883.87,6.47,0.788,False
oxy-tests-the-new-buffed-yoru-patch-13-01-is-he-broken-now-c9-gameplay,oxy,yoru,,duelist,1020.97,0.37,0.457,False
oxy-tests-the-new-buffed-yoru-patch-13-01-is-he-broken-now-c9-gameplay,oxy,yoru,,duelist,1021.57,2.18,0.414,False
oxy-tests-the-new-buffed-yoru-patch-13-01-is-he-broken-now-c9-gameplay,oxy,yoru,,duelist,1227.03,1.58,0.507,False
oxy-tests-the-new-buffed-yoru-patch-13-01-is-he-broken-now-c9-gameplay,oxy,yoru,,duelist,1228.03,2.36,0.446,False
oxy-tests-the-new-buffed-yoru-patch-13-01-is-he-broken-now-c9-gameplay,oxy,yoru,,duelist,1403.6,1.51,0.542,True
oxy-tests-the-new-buffed-yoru-patch-13-01-is-he-broken-now-c9-gameplay,oxy,yoru,,duelist,1494.53,1.66,0.776,False
oxy-tests-the-new-buffed-yoru-patch-13-01-is-he-broken-now-c9-gameplay,oxy,yoru,,duelist,1502.47,2.64,0.61,False
oxy-tests-the-new-buffed-yoru-patch-13-01-is-he-broken-now-c9-gameplay,oxy,yoru,,duelist,1507.37,8.89,0.724,False
oxy-tests-the-new-buffed-yoru-patch-13-01-is-he-broken-now-c9-gameplay,oxy,yoru,,duelist,1560.73,11.46,0.71,False
oxy-tests-the-new-buffed-yoru-patch-13-01-is-he-broken-now-c9-gameplay,oxy,yoru,,duelist,1568.57,11.87,0.407,False
oxy-tests-the-new-buffed-yoru-patch-13-01-is-he-broken-now-c9-gameplay,oxy,yoru,,duelist,1628.13,0.55,0.404,True
oxy-tests-the-new-buffed-yoru-patch-13-01-is-he-broken-now-c9-gameplay,oxy,yoru,,duelist,1719.37,0.94,0.41,False
oxy-tests-the-new-buffed-yoru-patch-13-01-is-he-broken-now-c9-gameplay,oxy,yoru,,duelist,2072.53,0.65,0.478,False
oxy-tests-the-new-buffed-yoru-patch-13-01-is-he-broken-now-c9-gameplay,oxy,yoru,,duelist,2077.4,3.49,0.407,False
oxy-tests-the-new-buffed-yoru-patch-13-01-is-he-broken-now-c9-gameplay,oxy,yoru,,duelist,2079.37,2.89,0.778,False
oxy-tests-the-new-buffed-yoru-patch-13-01-is-he-broken-now-c9-gameplay,oxy,yoru,,duelist,2080.5,48.75,0.472,True
oxy-tests-the-new-buffed-yoru-patch-13-01-is-he-broken-now-c9-gameplay,oxy,yoru,,duelist,2140.03,2.79,0.457,False
oxy-tests-the-new-buffed-yoru-patch-13-01-is-he-broken-now-c9-gameplay,oxy,yoru,,duelist,2141.83,1.97,0.536,False
primmie-on-raze-is-a-menace-ranked-valorant-gameplay,primmie,raze,,duelist,86.83,0.25,0.407,True
primmie-on-raze-is-a-menace-ranked-valorant-gameplay,primmie,raze,,duelist,90.73,0.55,0.67,True
primmie-on-raze-is-a-menace-ranked-valorant-gameplay,primmie,raze,,duelist,148.57,10.32,0.522,True
primmie-on-raze-is-a-menace-ranked-valorant-gameplay,primmie,raze,,duelist,366.53,4.17,0.771,False
primmie-on-raze-is-a-menace-ranked-valorant-gameplay,primmie,raze,,duelist,368.87,4.62,0.419,False
primmie-on-raze-is-a-menace-ranked-valorant-gameplay,primmie,raze,,duelist,444.83,12.57,0.682,False
primmie-on-raze-is-a-menace-ranked-valorant-gameplay,primmie,raze,,duelist,642.8,0.29,0.432,False
primmie-on-raze-is-a-menace-ranked-valorant-gameplay,primmie,raze,,duelist,646.5,2.2,0.404,True
primmie-on-raze-is-a-menace-ranked-valorant-gameplay,primmie,raze,,duelist,779.73,8.08,0.69,True
primmie-on-raze-is-a-menace-ranked-valorant-gameplay,primmie,raze,,duelist,780.9,1.11,0.687,False
primmie-on-raze-is-a-menace-ranked-valorant-gameplay,primmie,raze,,duelist,810.37,1.74,0.732,False
primmie-on-raze-is-a-menace-ranked-valorant-gameplay,primmie,raze,,duelist,984.13,6.19,0.622,False
primmie-on-raze-is-a-menace-ranked-valorant-gameplay,primmie,raze,,duelist,993.7,1.64,0.754,False
primmie-on-raze-is-a-menace-ranked-valorant-gameplay,primmie,raze,,duelist,1000.5,1.74,0.728,True
primmie-on-raze-is-a-menace-ranked-valorant-gameplay,primmie,raze,,duelist,1066.4,0.84,0.459,False
primmie-on-raze-is-a-menace-ranked-valorant-gameplay,primmie,raze,,duelist,1584.3,3.29,0.657,False
primmie-on-raze-is-a-menace-ranked-valorant-gameplay,primmie,raze,,duelist,1597.77,3.92,0.745,True
primmie-on-raze-is-a-menace-ranked-valorant-gameplay,primmie,raze,,duelist,1748.5,2.24,0.51,False
primmie-on-raze-is-unstoppable-ranked-split-gameplay,primmie,raze,split,duelist,24.77,4.2,0.556,False
primmie-on-raze-is-unstoppable-ranked-split-gameplay,primmie,raze,split,duelist,81.23,1.35,0.617,False
primmie-on-raze-is-unstoppable-ranked-split-gameplay,primmie,raze,split,duelist,156.4,5.26,0.683,False
primmie-on-raze-is-unstoppable-ranked-split-gameplay,primmie,raze,split,duelist,157.57,7.07,0.778,True
primmie-on-raze-is-unstoppable-ranked-split-gameplay,primmie,raze,split,duelist,315.17,1.36,0.479,True
primmie-on-raze-is-unstoppable-ranked-split-gameplay,primmie,raze,split,duelist,497.97,1.5,0.486,True
primmie-on-raze-is-unstoppable-ranked-split-gameplay,primmie,raze,split,duelist,622.73,0.51,0.735,True
primmie-on-raze-is-unstoppable-ranked-split-gameplay,primmie,raze,split,duelist,636.87,6.07,0.408,True
primmie-on-raze-is-unstoppable-ranked-split-gameplay,primmie,raze,split,duelist,936.83,1.07,0.537,True
primmie-on-raze-is-unstoppable-ranked-split-gameplay,primmie,raze,split,duelist,1247.97,2.46,0.584,True
primmie-on-raze-is-unstoppable-ranked-split-gameplay,primmie,raze,split,duelist,1250.63,2.05,0.638,True
primmie-on-raze-is-unstoppable-ranked-split-gameplay,primmie,raze,split,duelist,1304.87,1.11,0.586,True
primmie-on-raze-is-unstoppable-ranked-split-gameplay,primmie,raze,split,duelist,1378.8,2.08,0.461,True
primmie-on-raze-is-unstoppable-ranked-split-gameplay,primmie,raze,split,duelist,1397.03,1.32,0.433,True
primmie-on-raze-is-unstoppable-ranked-split-gameplay,primmie,raze,split,duelist,1707.77,1.04,0.567,False
primmie-on-raze-is-unstoppable-ranked-split-gameplay,primmie,raze,split,duelist,1836.07,0.39,0.409,True
primmie-on-raze-is-unstoppable-ranked-split-gameplay,primmie,raze,split,duelist,1914.8,3.53,0.528,False
primmie-on-raze-is-unstoppable-ranked-split-gameplay,primmie,raze,split,duelist,2279.47,0.36,0.757,True
primmie-proves-why-he-s-a-legend-waylay-mvp-gameplay-apac-rank-1,primmie,waylay,,non-duelist,19.6,0.87,0.489,True
primmie-proves-why-he-s-a-legend-waylay-mvp-gameplay-apac-rank-1,primmie,waylay,,non-duelist,83.23,0.51,0.421,True
primmie-proves-why-he-s-a-legend-waylay-mvp-gameplay-apac-rank-1,primmie,waylay,,non-duelist,307.0,0.44,0.717,False
primmie-proves-why-he-s-a-legend-waylay-mvp-gameplay-apac-rank-1,primmie,waylay,,non-duelist,473.7,2.82,0.569,False
primmie-proves-why-he-s-a-legend-waylay-mvp-gameplay-apac-rank-1,primmie,waylay,,non-duelist,475.07,14.14,0.547,True
primmie-proves-why-he-s-a-legend-waylay-mvp-gameplay-apac-rank-1,primmie,waylay,,non-duelist,822.53,5.38,0.464,False
primmie-proves-why-he-s-a-legend-waylay-mvp-gameplay-apac-rank-1,primmie,waylay,,non-duelist,824.47,16.8,0.858,True
primmie-proves-why-he-s-a-legend-waylay-mvp-gameplay-apac-rank-1,primmie,waylay,,non-duelist,898.37,0.27,0.526,True
primmie-proves-why-he-s-a-legend-waylay-mvp-gameplay-apac-rank-1,primmie,waylay,,non-duelist,974.03,10.58,0.479,False
primmie-proves-why-he-s-a-legend-waylay-mvp-gameplay-apac-rank-1,primmie,waylay,,non-duelist,1298.67,1.04,0.423,False
primmie-proves-why-he-s-a-legend-waylay-mvp-gameplay-apac-rank-1,primmie,waylay,,non-duelist,1303.1,17.15,0.669,False
primmie-proves-why-he-s-a-legend-waylay-mvp-gameplay-apac-rank-1,primmie,waylay,,non-duelist,1373.13,0.3,0.434,True
primmie-proves-why-he-s-a-legend-waylay-mvp-gameplay-apac-rank-1,primmie,waylay,,non-duelist,1388.37,9.97,0.471,False
primmie-proves-why-he-s-a-legend-waylay-mvp-gameplay-apac-rank-1,primmie,waylay,,non-duelist,1696.0,0.44,0.412,False
radiant-top-500-s0m-reyna-mvp-gameplay,s0m,reyna,,duelist,89.03,1.91,0.546,False
radiant-top-500-s0m-reyna-mvp-gameplay,s0m,reyna,,duelist,336.33,0.29,0.566,False
radiant-top-500-s0m-reyna-mvp-gameplay,s0m,reyna,,duelist,354.9,2.53,0.695,False
radiant-top-500-s0m-reyna-mvp-gameplay,s0m,reyna,,duelist,431.87,1.88,0.488,False
radiant-top-500-s0m-reyna-mvp-gameplay,s0m,reyna,,duelist,611.8,9.12,0.517,False
radiant-top-500-s0m-reyna-mvp-gameplay,s0m,reyna,,duelist,614.87,0.44,0.484,False
radiant-top-500-s0m-reyna-mvp-gameplay,s0m,reyna,,duelist,672.3,4.78,0.473,False
radiant-top-500-s0m-reyna-mvp-gameplay,s0m,reyna,,duelist,681.03,1.53,0.51,True
radiant-top-500-s0m-reyna-mvp-gameplay,s0m,reyna,,duelist,685.6,0.31,0.541,True
radiant-top-500-s0m-reyna-mvp-gameplay,s0m,reyna,,duelist,793.1,35.8,0.766,False
radiant-top-500-s0m-reyna-mvp-gameplay,s0m,reyna,,duelist,793.8,15.26,0.817,False
radiant-top-500-s0m-reyna-mvp-gameplay,s0m,reyna,,duelist,813.7,8.25,0.732,False
radiant-top-500-s0m-reyna-mvp-gameplay,s0m,reyna,,duelist,858.87,3.34,0.46,False
radiant-top-500-s0m-reyna-mvp-gameplay,s0m,reyna,,duelist,866.1,5.6,0.626,False
radiant-top-500-s0m-reyna-mvp-gameplay,s0m,reyna,,duelist,932.47,0.83,0.582,True
radiant-top-500-s0m-reyna-mvp-gameplay,s0m,reyna,,duelist,998.77,12.15,0.643,False
radiant-top-500-s0m-reyna-mvp-gameplay,s0m,reyna,,duelist,1032.4,1.46,0.483,True
radiant-top-500-s0m-reyna-mvp-gameplay,s0m,reyna,,duelist,1073.43,0.44,0.701,False
radiant-top-500-s0m-reyna-mvp-gameplay,s0m,reyna,,duelist,1074.43,2.1,0.461,False
radiant-top-500-s0m-reyna-mvp-gameplay,s0m,reyna,,duelist,1077.6,0.3,0.445,False
radiant-top-500-s0m-reyna-mvp-gameplay,s0m,reyna,,duelist,1089.4,2.79,0.534,False
radiant-top-500-s0m-reyna-mvp-gameplay,s0m,reyna,,duelist,1128.93,29.11,0.741,False
radiant-top-500-s0m-reyna-mvp-gameplay,s0m,reyna,,duelist,1161.03,2.29,0.404,False
radiant-top-500-s0m-reyna-mvp-gameplay,s0m,reyna,,duelist,1215.93,0.38,0.598,False
radiant-top-500-s0m-reyna-mvp-gameplay,s0m,reyna,,duelist,1290.97,5.97,0.665,False
radiant-top-500-s0m-reyna-mvp-gameplay,s0m,reyna,,duelist,1560.7,35.9,0.488,False
radiant-top-500-s0m-reyna-mvp-gameplay,s0m,reyna,,duelist,1565.4,2.87,0.448,False
radiant-top-500-s0m-reyna-mvp-gameplay,s0m,reyna,,duelist,1566.03,5.62,0.501,False
radiant-top-500-s0m-reyna-mvp-gameplay,s0m,reyna,,duelist,1588.43,29.43,0.749,False
radiant-top-500-s0m-reyna-mvp-gameplay,s0m,reyna,,duelist,1599.2,0.24,0.635,False
radiant-top-500-s0m-reyna-mvp-gameplay,s0m,reyna,,duelist,1601.73,5.44,0.402,True
radiant-top-500-s0m-reyna-mvp-gameplay,s0m,reyna,,duelist,1657.9,3.13,0.547,False
radiant-top-500-s0m-reyna-mvp-gameplay,s0m,reyna,,duelist,1788.43,2.81,0.409,False
rank-1-apac-is-just-insane-primmie-ranked-valorant-raze-fracture-vod,primmie,raze,fracture,duelist,128.23,0.85,0.405,True
rank-1-apac-is-just-insane-primmie-ranked-valorant-raze-fracture-vod,primmie,raze,fracture,duelist,272.33,3.84,0.547,False
rank-1-apac-is-just-insane-primmie-ranked-valorant-raze-fracture-vod,primmie,raze,fracture,duelist,273.57,0.48,0.407,False
rank-1-apac-is-just-insane-primmie-ranked-valorant-raze-fracture-vod,primmie,raze,fracture,duelist,288.2,2.86,0.62,True
rank-1-apac-is-just-insane-primmie-ranked-valorant-raze-fracture-vod,primmie,raze,fracture,duelist,360.33,9.59,0.496,True
rank-1-apac-is-just-insane-primmie-ranked-valorant-raze-fracture-vod,primmie,raze,fracture,duelist,375.4,11.46,0.675,True
rank-1-apac-is-just-insane-primmie-ranked-valorant-raze-fracture-vod,primmie,raze,fracture,duelist,520.37,5.89,0.548,False
rank-1-apac-is-just-insane-primmie-ranked-valorant-raze-fracture-vod,primmie,raze,fracture,duelist,695.2,0.7,0.783,False
rank-1-apac-is-just-insane-primmie-ranked-valorant-raze-fracture-vod,primmie,raze,fracture,duelist,877.7,2.42,0.63,False
rank-1-apac-is-just-insane-primmie-ranked-valorant-raze-fracture-vod,primmie,raze,fracture,duelist,973.33,1.96,0.432,False
rank-1-apac-is-just-insane-primmie-ranked-valorant-raze-fracture-vod,primmie,raze,fracture,duelist,1291.07,1.82,0.555,False
rank-1-apac-is-just-insane-primmie-ranked-valorant-raze-fracture-vod,primmie,raze,fracture,duelist,1340.83,0.26,0.441,True
rank-1-apac-is-just-insane-primmie-ranked-valorant-raze-fracture-vod,primmie,raze,fracture,duelist,1346.73,8.55,0.712,False
rank-1-apac-is-just-insane-primmie-ranked-valorant-raze-fracture-vod,primmie,raze,fracture,duelist,1430.73,7.14,0.547,True
rank-1-apac-is-just-insane-primmie-ranked-valorant-raze-fracture-vod,primmie,raze,fracture,duelist,1811.5,0.48,0.609,False
rank-1-apac-is-just-insane-primmie-ranked-valorant-raze-fracture-vod,primmie,raze,fracture,duelist,1819.33,18.31,0.789,False
rank-30-mvp-c9-oxy-jett-valorant-radiant-gameplay-full-match-vod,oxy,jett,,duelist,25.17,7.28,0.513,False
rank-30-mvp-c9-oxy-jett-valorant-radiant-gameplay-full-match-vod,oxy,jett,,duelist,83.67,0.47,0.473,False
rank-30-mvp-c9-oxy-jett-valorant-radiant-gameplay-full-match-vod,oxy,jett,,duelist,312.57,15.62,0.541,False
rank-30-mvp-c9-oxy-jett-valorant-radiant-gameplay-full-match-vod,oxy,jett,,duelist,318.6,0.34,0.421,True
rank-30-mvp-c9-oxy-jett-valorant-radiant-gameplay-full-match-vod,oxy,jett,,duelist,408.47,15.96,0.74,False
rank-30-mvp-c9-oxy-jett-valorant-radiant-gameplay-full-match-vod,oxy,jett,,duelist,460.17,41.45,0.709,False
rank-30-mvp-c9-oxy-jett-valorant-radiant-gameplay-full-match-vod,oxy,jett,,duelist,586.53,8.2,0.444,True
rank-30-mvp-c9-oxy-jett-valorant-radiant-gameplay-full-match-vod,oxy,jett,,duelist,592.93,8.13,0.791,False
rank-30-mvp-c9-oxy-jett-valorant-radiant-gameplay-full-match-vod,oxy,jett,,duelist,633.0,7.27,0.507,True
rank-30-mvp-c9-oxy-jett-valorant-radiant-gameplay-full-match-vod,oxy,jett,,duelist,698.77,2.35,0.444,False
rank-30-mvp-c9-oxy-jett-valorant-radiant-gameplay-full-match-vod,oxy,jett,,duelist,701.0,18.08,0.419,False
rank-30-mvp-c9-oxy-jett-valorant-radiant-gameplay-full-match-vod,oxy,jett,,duelist,702.73,1.49,0.517,False
rank-30-mvp-c9-oxy-jett-valorant-radiant-gameplay-full-match-vod,oxy,jett,,duelist,792.47,0.76,0.565,True
rank-30-mvp-c9-oxy-jett-valorant-radiant-gameplay-full-match-vod,oxy,jett,,duelist,795.27,6.71,0.58,True
rank-30-mvp-c9-oxy-jett-valorant-radiant-gameplay-full-match-vod,oxy,jett,,duelist,816.47,0.7,0.555,False
rank-30-mvp-c9-oxy-jett-valorant-radiant-gameplay-full-match-vod,oxy,jett,,duelist,877.5,1.19,0.446,False
rank-30-mvp-c9-oxy-jett-valorant-radiant-gameplay-full-match-vod,oxy,jett,,duelist,879.0,0.18,0.482,False
rank-30-mvp-c9-oxy-jett-valorant-radiant-gameplay-full-match-vod,oxy,jett,,duelist,882.73,4.32,0.463,False
rank-30-mvp-c9-oxy-jett-valorant-radiant-gameplay-full-match-vod,oxy,jett,,duelist,1128.67,0.88,0.51,False
rank-30-mvp-c9-oxy-jett-valorant-radiant-gameplay-full-match-vod,oxy,jett,,duelist,1371.33,0.52,0.627,False
rank-30-mvp-c9-oxy-jett-valorant-radiant-gameplay-full-match-vod,oxy,jett,,duelist,1373.37,16.69,0.603,False
rank-30-mvp-c9-oxy-jett-valorant-radiant-gameplay-full-match-vod,oxy,jett,,duelist,1441.07,1.59,0.586,False
rank-30-mvp-c9-oxy-jett-valorant-radiant-gameplay-full-match-vod,oxy,jett,,duelist,1441.93,0.26,0.621,False
rank-30-mvp-c9-oxy-jett-valorant-radiant-gameplay-full-match-vod,oxy,jett,,duelist,1445.73,1.15,0.48,False
rank-30-mvp-c9-oxy-jett-valorant-radiant-gameplay-full-match-vod,oxy,jett,,duelist,1446.87,5.77,0.416,False
rank-30-mvp-c9-oxy-jett-valorant-radiant-gameplay-full-match-vod,oxy,jett,,duelist,1447.73,1.24,0.571,False
rank-30-mvp-c9-oxy-jett-valorant-radiant-gameplay-full-match-vod,oxy,jett,,duelist,1450.1,14.18,0.442,False
rank-30-mvp-c9-oxy-jett-valorant-radiant-gameplay-full-match-vod,oxy,jett,,duelist,1451.1,8.21,0.774,False
rank-30-mvp-c9-oxy-jett-valorant-radiant-gameplay-full-match-vod,oxy,jett,,duelist,1513.3,1.53,0.641,False
rank-30-mvp-c9-oxy-jett-valorant-radiant-gameplay-full-match-vod,oxy,jett,,duelist,1518.73,3.44,0.464,False
rank-30-mvp-c9-oxy-jett-valorant-radiant-gameplay-full-match-vod,oxy,jett,,duelist,1524.47,11.4,0.647,False
rank-30-mvp-c9-oxy-jett-valorant-radiant-gameplay-full-match-vod,oxy,jett,,duelist,1574.67,2.13,0.425,True
rank-30-mvp-c9-oxy-jett-valorant-radiant-gameplay-full-match-vod,oxy,jett,,duelist,1767.57,0.83,0.479,False
road-to-top-1-oxy-is-the-reyna-king-valorant-pro-gameplay,oxy,reyna,,duelist,25.2,2.28,0.4,True
road-to-top-1-oxy-is-the-reyna-king-valorant-pro-gameplay,oxy,reyna,,duelist,46.17,1.09,0.597,False
road-to-top-1-oxy-is-the-reyna-king-valorant-pro-gameplay,oxy,reyna,,duelist,112.83,1.25,0.467,False
road-to-top-1-oxy-is-the-reyna-king-valorant-pro-gameplay,oxy,reyna,,duelist,119.33,2.32,0.512,False
road-to-top-1-oxy-is-the-reyna-king-valorant-pro-gameplay,oxy,reyna,,duelist,120.37,1.91,0.622,True
road-to-top-1-oxy-is-the-reyna-king-valorant-pro-gameplay,oxy,reyna,,duelist,181.17,4.91,0.557,False
road-to-top-1-oxy-is-the-reyna-king-valorant-pro-gameplay,oxy,reyna,,duelist,186.33,5.88,0.644,True
road-to-top-1-oxy-is-the-reyna-king-valorant-pro-gameplay,oxy,reyna,,duelist,188.73,2.38,0.578,True
road-to-top-1-oxy-is-the-reyna-king-valorant-pro-gameplay,oxy,reyna,,duelist,199.1,1.44,0.403,False
road-to-top-1-oxy-is-the-reyna-king-valorant-pro-gameplay,oxy,reyna,,duelist,220.57,1.33,0.54,False
road-to-top-1-oxy-is-the-reyna-king-valorant-pro-gameplay,oxy,reyna,,duelist,334.87,17.79,0.697,False
road-to-top-1-oxy-is-the-reyna-king-valorant-pro-gameplay,oxy,reyna,,duelist,455.27,12.94,0.452,False
road-to-top-1-oxy-is-the-reyna-king-valorant-pro-gameplay,oxy,reyna,,duelist,465.47,1.13,0.419,True
road-to-top-1-oxy-is-the-reyna-king-valorant-pro-gameplay,oxy,reyna,,duelist,524.73,6.81,0.579,False
road-to-top-1-oxy-is-the-reyna-king-valorant-pro-gameplay,oxy,reyna,,duelist,532.33,3.28,0.576,True
road-to-top-1-oxy-is-the-reyna-king-valorant-pro-gameplay,oxy,reyna,,duelist,538.0,6.89,0.692,False
road-to-top-1-oxy-is-the-reyna-king-valorant-pro-gameplay,oxy,reyna,,duelist,544.87,4.07,0.447,False
road-to-top-1-oxy-is-the-reyna-king-valorant-pro-gameplay,oxy,reyna,,duelist,551.6,9.49,0.663,False
road-to-top-1-oxy-is-the-reyna-king-valorant-pro-gameplay,oxy,reyna,,duelist,661.57,4.24,0.697,False
road-to-top-1-oxy-is-the-reyna-king-valorant-pro-gameplay,oxy,reyna,,duelist,752.03,0.53,0.485,True
road-to-top-1-oxy-is-the-reyna-king-valorant-pro-gameplay,oxy,reyna,,duelist,755.5,8.27,0.753,True
road-to-top-1-oxy-is-the-reyna-king-valorant-pro-gameplay,oxy,reyna,,duelist,758.03,9.29,0.517,True
road-to-top-1-oxy-is-the-reyna-king-valorant-pro-gameplay,oxy,reyna,,duelist,770.53,5.69,0.516,True
road-to-top-1-oxy-is-the-reyna-king-valorant-pro-gameplay,oxy,reyna,,duelist,838.33,0.3,0.451,False
road-to-top-1-oxy-is-the-reyna-king-valorant-pro-gameplay,oxy,reyna,,duelist,846.4,8.9,0.667,False
road-to-top-1-oxy-is-the-reyna-king-valorant-pro-gameplay,oxy,reyna,,duelist,1005.87,12.24,0.707,True
road-to-top-1-oxy-is-the-reyna-king-valorant-pro-gameplay,oxy,reyna,,duelist,1007.4,2.49,0.402,True
road-to-top-1-oxy-is-the-reyna-king-valorant-pro-gameplay,oxy,reyna,,duelist,1226.13,1.54,0.465,False
road-to-top-1-oxy-is-the-reyna-king-valorant-pro-gameplay,oxy,reyna,,duelist,1229.8,0.77,0.712,False
road-to-top-1-oxy-is-the-reyna-king-valorant-pro-gameplay,oxy,reyna,,duelist,1237.63,22.8,0.527,False
road-to-top-1-oxy-is-the-reyna-king-valorant-pro-gameplay,oxy,reyna,,duelist,1257.37,6.83,0.652,False
road-to-top-1-oxy-is-the-reyna-king-valorant-pro-gameplay,oxy,reyna,,duelist,1393.3,1.97,0.455,True
road-to-top-1-oxy-is-the-reyna-king-valorant-pro-gameplay,oxy,reyna,,duelist,1492.7,3.68,0.424,True
road-to-top-1-oxy-is-the-reyna-king-valorant-pro-gameplay,oxy,reyna,,duelist,1501.2,1.81,0.598,False
road-to-top-1-oxy-is-the-reyna-king-valorant-pro-gameplay,oxy,reyna,,duelist,1639.73,0.96,0.707,True
road-to-top-1-oxy-is-the-reyna-king-valorant-pro-gameplay,oxy,reyna,,duelist,1730.5,0.82,0.419,False
road-to-top-1-oxy-is-the-reyna-king-valorant-pro-gameplay,oxy,reyna,,duelist,1776.4,2.77,0.578,True
road-to-top-1-oxy-is-the-reyna-king-valorant-pro-gameplay,oxy,reyna,,duelist,1778.33,16.92,0.457,False
road-to-top-1-oxy-is-the-reyna-king-valorant-pro-gameplay,oxy,reyna,,duelist,1826.6,2.82,0.415,False
road-to-top-1-oxy-is-the-reyna-king-valorant-pro-gameplay,oxy,reyna,,duelist,1873.13,0.54,0.515,True
road-to-top-1-oxy-is-the-reyna-king-valorant-pro-gameplay,oxy,reyna,,duelist,1937.47,3.88,0.582,False
road-to-top-1-oxy-is-the-reyna-king-valorant-pro-gameplay,oxy,reyna,,duelist,2001.93,3.62,0.755,True
road-to-top-1-oxy-is-the-reyna-king-valorant-pro-gameplay,oxy,reyna,,duelist,2068.9,3.83,0.632,False
s0m-literally-broken-the-minds-of-radiant-players-on-waylay,s0m,waylay,,non-duelist,27.03,1.96,0.546,False
s0m-literally-broken-the-minds-of-radiant-players-on-waylay,s0m,waylay,,non-duelist,79.67,1.37,0.754,False
s0m-literally-broken-the-minds-of-radiant-players-on-waylay,s0m,waylay,,non-duelist,103.2,0.34,0.519,True
s0m-literally-broken-the-minds-of-radiant-players-on-waylay,s0m,waylay,,non-duelist,292.33,12.2,0.755,False
s0m-literally-broken-the-minds-of-radiant-players-on-waylay,s0m,waylay,,non-duelist,388.4,14.51,0.488,False
s0m-literally-broken-the-minds-of-radiant-players-on-waylay,s0m,waylay,,non-duelist,477.07,1.69,0.613,True
s0m-literally-broken-the-minds-of-radiant-players-on-waylay,s0m,waylay,,non-duelist,479.2,29.08,0.785,True
s0m-literally-broken-the-minds-of-radiant-players-on-waylay,s0m,waylay,,non-duelist,760.43,3.01,0.445,False
s0m-literally-broken-the-minds-of-radiant-players-on-waylay,s0m,waylay,,non-duelist,779.0,6.18,0.428,False
s0m-literally-broken-the-minds-of-radiant-players-on-waylay,s0m,waylay,,non-duelist,822.37,11.98,0.595,True
s0m-literally-broken-the-minds-of-radiant-players-on-waylay,s0m,waylay,,non-duelist,897.37,0.94,0.532,True
s0m-literally-broken-the-minds-of-radiant-players-on-waylay,s0m,waylay,,non-duelist,909.93,0.96,0.44,False
s0m-literally-broken-the-minds-of-radiant-players-on-waylay,s0m,waylay,,non-duelist,980.17,4.72,0.666,True
s0m-literally-broken-the-minds-of-radiant-players-on-waylay,s0m,waylay,,non-duelist,985.03,12.83,0.404,True
s0m-literally-broken-the-minds-of-radiant-players-on-waylay,s0m,waylay,,non-duelist,1027.8,9.61,0.626,False
s0m-literally-broken-the-minds-of-radiant-players-on-waylay,s0m,waylay,,non-duelist,1230.23,20.04,0.403,False
s0m-literally-broken-the-minds-of-radiant-players-on-waylay,s0m,waylay,,non-duelist,1342.43,8.53,0.604,False
s0m-literally-broken-the-minds-of-radiant-players-on-waylay,s0m,waylay,,non-duelist,1500.93,13.08,0.652,True
summit-envy-demon1-omen-valorant-gameplay-full-match-vod,demon1,omen,,non-duelist,28.07,2.86,0.431,False
summit-envy-demon1-omen-valorant-gameplay-full-match-vod,demon1,omen,,non-duelist,94.47,0.47,0.481,False
summit-envy-demon1-omen-valorant-gameplay-full-match-vod,demon1,omen,,non-duelist,149.43,0.3,0.442,False
summit-envy-demon1-omen-valorant-gameplay-full-match-vod,demon1,omen,,non-duelist,744.77,1.99,0.537,True
summit-envy-demon1-omen-valorant-gameplay-full-match-vod,demon1,omen,,non-duelist,761.33,0.61,0.753,False
summit-envy-demon1-omen-valorant-gameplay-full-match-vod,demon1,omen,,non-duelist,813.3,0.31,0.515,True
summit-envy-demon1-omen-valorant-gameplay-full-match-vod,demon1,omen,,non-duelist,819.23,0.28,0.656,True
summit-envy-demon1-omen-valorant-gameplay-full-match-vod,demon1,omen,,non-duelist,1056.83,5.43,0.479,True
summit-envy-demon1-omen-valorant-gameplay-full-match-vod,demon1,omen,,non-duelist,1184.2,3.52,0.684,True
summit-envy-demon1-omen-valorant-gameplay-full-match-vod,demon1,omen,,non-duelist,1389.3,1.96,0.562,True
summit-envy-demon1-omen-valorant-gameplay-full-match-vod,demon1,omen,,non-duelist,1413.03,1.99,0.48,True
summit-envy-demon1-omen-valorant-gameplay-full-match-vod,demon1,omen,,non-duelist,1507.4,5.29,0.614,True
summit-envy-demon1-omen-valorant-gameplay-full-match-vod,demon1,omen,,non-duelist,1600.73,0.35,0.437,False
summit-nrg-s0m-s-yoru-setup-is-a-work-of-art-valorant-radiant-gameplay,s0m,yoru,,duelist,14.4,4.82,0.616,True
summit-nrg-s0m-s-yoru-setup-is-a-work-of-art-valorant-radiant-gameplay,s0m,yoru,,duelist,71.83,1.83,0.438,False
summit-nrg-s0m-s-yoru-setup-is-a-work-of-art-valorant-radiant-gameplay,s0m,yoru,,duelist,76.83,0.29,0.545,False
summit-nrg-s0m-s-yoru-setup-is-a-work-of-art-valorant-radiant-gameplay,s0m,yoru,,duelist,81.33,0.84,0.709,False
summit-nrg-s0m-s-yoru-setup-is-a-work-of-art-valorant-radiant-gameplay,s0m,yoru,,duelist,90.97,7.33,0.777,True
summit-nrg-s0m-s-yoru-setup-is-a-work-of-art-valorant-radiant-gameplay,s0m,yoru,,duelist,179.4,6.23,0.713,False
summit-nrg-s0m-s-yoru-setup-is-a-work-of-art-valorant-radiant-gameplay,s0m,yoru,,duelist,278.6,2.09,0.54,False
summit-nrg-s0m-s-yoru-setup-is-a-work-of-art-valorant-radiant-gameplay,s0m,yoru,,duelist,551.37,6.83,0.776,True
summit-nrg-s0m-s-yoru-setup-is-a-work-of-art-valorant-radiant-gameplay,s0m,yoru,,duelist,708.67,19.74,0.657,True
summit-nrg-s0m-s-yoru-setup-is-a-work-of-art-valorant-radiant-gameplay,s0m,yoru,,duelist,783.5,14.05,0.537,True
summit-nrg-s0m-s-yoru-setup-is-a-work-of-art-valorant-radiant-gameplay,s0m,yoru,,duelist,812.57,2.09,0.66,True
summit-nrg-s0m-s-yoru-setup-is-a-work-of-art-valorant-radiant-gameplay,s0m,yoru,,duelist,814.77,0.24,0.461,True
summit-nrg-s0m-s-yoru-setup-is-a-work-of-art-valorant-radiant-gameplay,s0m,yoru,,duelist,816.23,1.92,0.516,True
summit-nrg-s0m-s-yoru-setup-is-a-work-of-art-valorant-radiant-gameplay,s0m,yoru,,duelist,825.27,3.53,0.809,True
summit-nrg-s0m-s-yoru-setup-is-a-work-of-art-valorant-radiant-gameplay,s0m,yoru,,duelist,969.77,6.64,0.688,True
summit-nrg-s0m-s-yoru-setup-is-a-work-of-art-valorant-radiant-gameplay,s0m,yoru,,duelist,1013.0,10.26,0.521,True
summit-nrg-s0m-s-yoru-setup-is-a-work-of-art-valorant-radiant-gameplay,s0m,yoru,,duelist,1015.5,29.6,0.502,False
summit-nrg-s0m-s-yoru-setup-is-a-work-of-art-valorant-radiant-gameplay,s0m,yoru,,duelist,1033.1,1.16,0.584,True
summit-nrg-s0m-s-yoru-setup-is-a-work-of-art-valorant-radiant-gameplay,s0m,yoru,,duelist,1087.07,3.75,0.703,True
summit-nrg-s0m-s-yoru-setup-is-a-work-of-art-valorant-radiant-gameplay,s0m,yoru,,duelist,1321.97,3.15,0.739,False
summit-nrg-s0m-s-yoru-setup-is-a-work-of-art-valorant-radiant-gameplay,s0m,yoru,,duelist,1323.07,2.91,0.75,False
summit-nrg-s0m-s-yoru-setup-is-a-work-of-art-valorant-radiant-gameplay,s0m,yoru,,duelist,1469.9,3.54,0.625,True
summit-nrg-s0m-s-yoru-setup-is-a-work-of-art-valorant-radiant-gameplay,s0m,yoru,,duelist,1476.1,16.13,0.711,False
summit-nrg-s0m-s-yoru-setup-is-a-work-of-art-valorant-radiant-gameplay,s0m,yoru,,duelist,1555.23,0.3,0.503,True
summit-nrg-s0m-s-yoru-setup-is-a-work-of-art-valorant-radiant-gameplay,s0m,yoru,,duelist,1606.83,4.19,0.706,True
summit-nrg-s0m-s-yoru-setup-is-a-work-of-art-valorant-radiant-gameplay,s0m,yoru,,duelist,1844.6,8.84,0.715,True
summit-nrg-s0m-s-yoru-setup-is-a-work-of-art-valorant-radiant-gameplay,s0m,yoru,,duelist,2115.63,3.32,0.741,False
summit-nrg-s0m-s-yoru-setup-is-a-work-of-art-valorant-radiant-gameplay,s0m,yoru,,duelist,2279.93,0.78,0.634,True
summit-nrg-s0m-s-yoru-setup-is-a-work-of-art-valorant-radiant-gameplay,s0m,yoru,,duelist,2429.73,0.62,0.452,True
summit-nrg-s0m-s-yoru-setup-is-a-work-of-art-valorant-radiant-gameplay,s0m,yoru,,duelist,2439.63,0.87,0.496,False
the-1-acs-in-americas-oxy-s-neon-is-insane-mvp-30-kills-gameplay-2026,oxy,neon,,duelist,7.3,36.78,0.646,True
the-1-acs-in-americas-oxy-s-neon-is-insane-mvp-30-kills-gameplay-2026,oxy,neon,,duelist,109.0,1.7,0.671,True
the-1-acs-in-americas-oxy-s-neon-is-insane-mvp-30-kills-gameplay-2026,oxy,neon,,duelist,115.57,1.86,0.539,True
the-1-acs-in-americas-oxy-s-neon-is-insane-mvp-30-kills-gameplay-2026,oxy,neon,,duelist,170.93,15.82,0.676,True
the-1-acs-in-americas-oxy-s-neon-is-insane-mvp-30-kills-gameplay-2026,oxy,neon,,duelist,172.83,2.19,0.485,False
the-1-acs-in-americas-oxy-s-neon-is-insane-mvp-30-kills-gameplay-2026,oxy,neon,,duelist,392.07,2.78,0.48,False
the-1-acs-in-americas-oxy-s-neon-is-insane-mvp-30-kills-gameplay-2026,oxy,neon,,duelist,546.27,0.8,0.456,True
the-1-acs-in-americas-oxy-s-neon-is-insane-mvp-30-kills-gameplay-2026,oxy,neon,,duelist,553.33,12.59,0.468,True
the-1-acs-in-americas-oxy-s-neon-is-insane-mvp-30-kills-gameplay-2026,oxy,neon,,duelist,610.47,1.88,0.638,False
the-1-acs-in-americas-oxy-s-neon-is-insane-mvp-30-kills-gameplay-2026,oxy,neon,,duelist,735.47,2.02,0.636,True
the-1-acs-in-americas-oxy-s-neon-is-insane-mvp-30-kills-gameplay-2026,oxy,neon,,duelist,779.53,3.3,0.407,True
the-1-acs-in-americas-oxy-s-neon-is-insane-mvp-30-kills-gameplay-2026,oxy,neon,,duelist,793.4,10.95,0.404,True
the-1-acs-in-americas-oxy-s-neon-is-insane-mvp-30-kills-gameplay-2026,oxy,neon,,duelist,848.83,0.93,0.451,True
the-1-acs-in-americas-oxy-s-neon-is-insane-mvp-30-kills-gameplay-2026,oxy,neon,,duelist,853.17,2.69,0.499,True
the-1-acs-in-americas-oxy-s-neon-is-insane-mvp-30-kills-gameplay-2026,oxy,neon,,duelist,860.87,2.29,0.469,False
the-1-acs-in-americas-oxy-s-neon-is-insane-mvp-30-kills-gameplay-2026,oxy,neon,,duelist,934.23,12.26,0.515,True
the-1-acs-in-americas-oxy-s-neon-is-insane-mvp-30-kills-gameplay-2026,oxy,neon,,duelist,939.6,26.85,0.449,False
the-1-acs-in-americas-oxy-s-neon-is-insane-mvp-30-kills-gameplay-2026,oxy,neon,,duelist,943.8,4.66,0.496,True
the-1-acs-in-americas-oxy-s-neon-is-insane-mvp-30-kills-gameplay-2026,oxy,neon,,duelist,951.53,7.2,0.471,True
the-1-acs-in-americas-oxy-s-neon-is-insane-mvp-30-kills-gameplay-2026,oxy,neon,,duelist,992.33,39.88,0.638,True
the-1-acs-in-americas-oxy-s-neon-is-insane-mvp-30-kills-gameplay-2026,oxy,neon,,duelist,1061.27,1.69,0.641,True
the-1-acs-in-americas-oxy-s-neon-is-insane-mvp-30-kills-gameplay-2026,oxy,neon,,duelist,1171.13,8.2,0.448,False
the-1-acs-in-americas-oxy-s-neon-is-insane-mvp-30-kills-gameplay-2026,oxy,neon,,duelist,1345.07,10.37,0.738,False
the-1-acs-in-americas-oxy-s-neon-is-insane-mvp-30-kills-gameplay-2026,oxy,neon,,duelist,1542.97,26.83,0.771,True
the-1-acs-in-americas-oxy-s-neon-is-insane-mvp-30-kills-gameplay-2026,oxy,neon,,duelist,1548.7,0.67,0.448,False
the-1-acs-in-americas-oxy-s-neon-is-insane-mvp-30-kills-gameplay-2026,oxy,neon,,duelist,1623.8,11.93,0.538,False
the-1-acs-in-americas-oxy-s-neon-is-insane-mvp-30-kills-gameplay-2026,oxy,neon,,duelist,1639.1,1.6,0.68,True
the-1-acs-in-americas-oxy-s-neon-is-insane-mvp-30-kills-gameplay-2026,oxy,neon,,duelist,1686.83,13.36,0.747,True
the-1-acs-in-americas-oxy-s-neon-is-insane-mvp-30-kills-gameplay-2026,oxy,neon,,duelist,1697.93,7.07,0.584,True
the-1-acs-in-americas-oxy-s-neon-is-insane-mvp-30-kills-gameplay-2026,oxy,neon,,duelist,1803.77,0.37,0.441,False
the-1-acs-in-americas-oxy-s-neon-is-insane-mvp-30-kills-gameplay-2026,oxy,neon,,duelist,1981.37,0.31,0.508,True
the-1-acs-in-americas-oxy-s-neon-is-insane-mvp-30-kills-gameplay-2026,oxy,neon,,duelist,1985.13,0.78,0.504,True
the-champion-returns-nrg-s0m-on-waylay-is-unstoppable,s0m,waylay,,non-duelist,119.13,0.7,0.555,True
the-champion-returns-nrg-s0m-on-waylay-is-unstoppable,s0m,waylay,,non-duelist,172.3,1.14,0.545,True
the-champion-returns-nrg-s0m-on-waylay-is-unstoppable,s0m,waylay,,non-duelist,172.9,0.59,0.433,False
the-champion-returns-nrg-s0m-on-waylay-is-unstoppable,s0m,waylay,,non-duelist,240.5,3.79,0.402,False
the-champion-returns-nrg-s0m-on-waylay-is-unstoppable,s0m,waylay,,non-duelist,362.23,3.4,0.453,True
the-champion-returns-nrg-s0m-on-waylay-is-unstoppable,s0m,waylay,,non-duelist,532.33,1.94,0.46,False
the-champion-returns-nrg-s0m-on-waylay-is-unstoppable,s0m,waylay,,non-duelist,534.43,3.58,0.663,True
the-champion-returns-nrg-s0m-on-waylay-is-unstoppable,s0m,waylay,,non-duelist,695.87,9.25,0.696,True
the-champion-returns-nrg-s0m-on-waylay-is-unstoppable,s0m,waylay,,non-duelist,751.67,0.21,0.462,False
the-champion-returns-nrg-s0m-on-waylay-is-unstoppable,s0m,waylay,,non-duelist,972.5,10.8,0.445,False
the-champion-returns-nrg-s0m-on-waylay-is-unstoppable,s0m,waylay,,non-duelist,1031.07,12.2,0.441,False
the-champion-returns-nrg-s0m-on-waylay-is-unstoppable,s0m,waylay,,non-duelist,1032.07,9.98,0.731,True
the-champion-returns-nrg-s0m-on-waylay-is-unstoppable,s0m,waylay,,non-duelist,1066.83,20.77,0.8,False
the-champion-returns-nrg-s0m-on-waylay-is-unstoppable,s0m,waylay,,non-duelist,1119.53,6.18,0.558,False
the-champion-returns-nrg-s0m-on-waylay-is-unstoppable,s0m,waylay,,non-duelist,1129.53,7.49,0.712,True
the-champion-returns-nrg-s0m-on-waylay-is-unstoppable,s0m,waylay,,non-duelist,1133.43,0.85,0.431,False
the-champion-returns-nrg-s0m-on-waylay-is-unstoppable,s0m,waylay,,non-duelist,1230.53,5.26,0.647,False
the-champion-returns-nrg-s0m-on-waylay-is-unstoppable,s0m,waylay,,non-duelist,1291.3,4.66,0.455,True
the-champion-returns-nrg-s0m-on-waylay-is-unstoppable,s0m,waylay,,non-duelist,1382.07,9.65,0.519,True
the-champion-returns-nrg-s0m-on-waylay-is-unstoppable,s0m,waylay,,non-duelist,1395.93,1.66,0.84,True
the-champion-returns-nrg-s0m-on-waylay-is-unstoppable,s0m,waylay,,non-duelist,1407.9,7.17,0.502,False
the-champion-returns-nrg-s0m-on-waylay-is-unstoppable,s0m,waylay,,non-duelist,1424.43,13.66,0.544,False
the-champion-returns-nrg-s0m-on-waylay-is-unstoppable,s0m,waylay,,non-duelist,1550.7,7.5,0.453,True
the-champion-returns-nrg-s0m-on-waylay-is-unstoppable,s0m,waylay,,non-duelist,1563.13,0.67,0.502,False
the-champion-returns-nrg-s0m-on-waylay-is-unstoppable,s0m,waylay,,non-duelist,1580.87,23.51,0.743,False
the-champion-returns-nrg-s0m-on-waylay-is-unstoppable,s0m,waylay,,non-duelist,1735.4,5.22,0.491,False
the-champions-mvp-on-yoru-demon1-is-a-problem-envy-2026,demon1,yoru,,duelist,32.83,18.03,0.406,True
the-champions-mvp-on-yoru-demon1-is-a-problem-envy-2026,demon1,yoru,,duelist,33.7,0.67,0.464,True
the-champions-mvp-on-yoru-demon1-is-a-problem-envy-2026,demon1,yoru,,duelist,36.9,0.31,0.472,False
the-champions-mvp-on-yoru-demon1-is-a-problem-envy-2026,demon1,yoru,,duelist,169.2,1.15,0.466,False
the-champions-mvp-on-yoru-demon1-is-a-problem-envy-2026,demon1,yoru,,duelist,260.5,1.99,0.737,False
the-champions-mvp-on-yoru-demon1-is-a-problem-envy-2026,demon1,yoru,,duelist,465.6,0.89,0.515,False
the-champions-mvp-on-yoru-demon1-is-a-problem-envy-2026,demon1,yoru,,duelist,466.57,3.04,0.423,False
the-champions-mvp-on-yoru-demon1-is-a-problem-envy-2026,demon1,yoru,,duelist,485.13,0.53,0.436,True
the-champions-mvp-on-yoru-demon1-is-a-problem-envy-2026,demon1,yoru,,duelist,507.8,0.34,0.448,True
the-champions-mvp-on-yoru-demon1-is-a-problem-envy-2026,demon1,yoru,,duelist,567.83,7.81,0.633,False
the-champions-mvp-on-yoru-demon1-is-a-problem-envy-2026,demon1,yoru,,duelist,580.53,3.64,0.825,False
the-champions-mvp-on-yoru-demon1-is-a-problem-envy-2026,demon1,yoru,,duelist,584.93,0.87,0.549,False
the-champions-mvp-on-yoru-demon1-is-a-problem-envy-2026,demon1,yoru,,duelist,593.07,1.1,0.436,True
the-champions-mvp-on-yoru-demon1-is-a-problem-envy-2026,demon1,yoru,,duelist,662.07,1.28,0.675,False
the-champions-mvp-on-yoru-demon1-is-a-problem-envy-2026,demon1,yoru,,duelist,666.1,0.24,0.468,False
the-champions-mvp-on-yoru-demon1-is-a-problem-envy-2026,demon1,yoru,,duelist,721.63,19.27,0.636,True
the-champions-mvp-on-yoru-demon1-is-a-problem-envy-2026,demon1,yoru,,duelist,889.83,31.7,0.689,True
the-champions-mvp-on-yoru-demon1-is-a-problem-envy-2026,demon1,yoru,,duelist,949.93,1.0,0.405,False
the-champions-mvp-on-yoru-demon1-is-a-problem-envy-2026,demon1,yoru,,duelist,951.6,0.39,0.447,False
the-champions-mvp-on-yoru-demon1-is-a-problem-envy-2026,demon1,yoru,,duelist,1071.57,0.58,0.728,False
the-champions-mvp-on-yoru-demon1-is-a-problem-envy-2026,demon1,yoru,,duelist,1176.7,3.61,0.6,False
the-champions-mvp-on-yoru-demon1-is-a-problem-envy-2026,demon1,yoru,,duelist,1460.17,0.34,0.556,False
the-fastest-aim-adg-florescent-insane-jett-valorant-ranked-gameplay,florescent,jett,,duelist,12.97,34.08,0.665,True
the-fastest-aim-adg-florescent-insane-jett-valorant-ranked-gameplay,florescent,jett,,duelist,34.67,0.4,0.425,True
the-fastest-aim-adg-florescent-insane-jett-valorant-ranked-gameplay,florescent,jett,,duelist,101.63,2.15,0.823,False
the-fastest-aim-adg-florescent-insane-jett-valorant-ranked-gameplay,florescent,jett,,duelist,259.47,2.05,0.414,True
the-fastest-aim-adg-florescent-insane-jett-valorant-ranked-gameplay,florescent,jett,,duelist,337.23,4.77,0.79,False
the-fastest-aim-adg-florescent-insane-jett-valorant-ranked-gameplay,florescent,jett,,duelist,346.97,0.94,0.435,True
the-fastest-aim-adg-florescent-insane-jett-valorant-ranked-gameplay,florescent,jett,,duelist,355.17,1.16,0.527,False
the-fastest-aim-adg-florescent-insane-jett-valorant-ranked-gameplay,florescent,jett,,duelist,401.4,4.75,0.599,False
the-fastest-aim-adg-florescent-insane-jett-valorant-ranked-gameplay,florescent,jett,,duelist,405.4,2.83,0.448,False
the-fastest-aim-adg-florescent-insane-jett-valorant-ranked-gameplay,florescent,jett,,duelist,407.07,3.06,0.647,True
the-fastest-aim-adg-florescent-insane-jett-valorant-ranked-gameplay,florescent,jett,,duelist,413.87,4.28,0.425,False
the-fastest-aim-adg-florescent-insane-jett-valorant-ranked-gameplay,florescent,jett,,duelist,463.7,7.1,0.548,True
the-fastest-aim-adg-florescent-insane-jett-valorant-ranked-gameplay,florescent,jett,,duelist,805.4,0.29,0.446,False
the-fastest-aim-adg-florescent-insane-jett-valorant-ranked-gameplay,florescent,jett,,duelist,851.5,30.43,0.442,True
the-fastest-aim-adg-florescent-insane-jett-valorant-ranked-gameplay,florescent,jett,,duelist,866.63,0.19,0.412,False
the-fastest-aim-adg-florescent-insane-jett-valorant-ranked-gameplay,florescent,jett,,duelist,887.87,4.85,0.504,True
the-fastest-aim-adg-florescent-insane-jett-valorant-ranked-gameplay,florescent,jett,,duelist,952.47,9.05,0.461,False
the-fastest-aim-adg-florescent-insane-jett-valorant-ranked-gameplay,florescent,jett,,duelist,1027.83,0.39,0.803,True
the-fastest-aim-adg-florescent-insane-jett-valorant-ranked-gameplay,florescent,jett,,duelist,1034.03,7.87,0.757,True
the-fastest-aim-adg-florescent-insane-jett-valorant-ranked-gameplay,florescent,jett,,duelist,1103.83,0.32,0.44,True
the-fastest-aim-adg-florescent-insane-jett-valorant-ranked-gameplay,florescent,jett,,duelist,1158.43,6.62,0.442,False
the-fastest-aim-adg-florescent-insane-jett-valorant-ranked-gameplay,florescent,jett,,duelist,1242.1,0.99,0.749,False
the-fastest-aim-adg-florescent-insane-jett-valorant-ranked-gameplay,florescent,jett,,duelist,1244.47,11.91,0.59,True
the-fastest-aim-adg-florescent-insane-jett-valorant-ranked-gameplay,florescent,jett,,duelist,1249.77,3.65,0.486,True
the-fastest-aim-adg-florescent-insane-jett-valorant-ranked-gameplay,florescent,jett,,duelist,1331.33,3.64,0.698,False
the-fastest-aim-adg-florescent-insane-jett-valorant-ranked-gameplay,florescent,jett,,duelist,1396.2,0.84,0.432,False
the-fastest-aim-adg-florescent-insane-jett-valorant-ranked-gameplay,florescent,jett,,duelist,1416.27,13.89,0.788,False
the-fastest-aim-adg-florescent-insane-jett-valorant-ranked-gameplay,florescent,jett,,duelist,1462.0,5.72,0.601,False
the-fastest-aim-adg-florescent-insane-jett-valorant-ranked-gameplay,florescent,jett,,duelist,1551.13,10.63,0.777,True
this-is-what-5000-hours-on-yoru-looks-like-eggsterr-na,eggsterr,yoru,,duelist,25.67,2.4,0.472,False
this-is-what-5000-hours-on-yoru-looks-like-eggsterr-na,eggsterr,yoru,,duelist,105.8,11.46,0.507,False
this-is-what-5000-hours-on-yoru-looks-like-eggsterr-na,eggsterr,yoru,,duelist,109.47,13.61,0.522,False
this-is-what-5000-hours-on-yoru-looks-like-eggsterr-na,eggsterr,yoru,,duelist,138.3,1.61,0.717,False
this-is-what-5000-hours-on-yoru-looks-like-eggsterr-na,eggsterr,yoru,,duelist,204.17,16.57,0.606,False
this-is-what-5000-hours-on-yoru-looks-like-eggsterr-na,eggsterr,yoru,,duelist,302.5,33.1,0.456,False
this-is-what-5000-hours-on-yoru-looks-like-eggsterr-na,eggsterr,yoru,,duelist,307.63,5.69,0.709,False
this-is-what-5000-hours-on-yoru-looks-like-eggsterr-na,eggsterr,yoru,,duelist,370.67,1.36,0.615,False
this-is-what-5000-hours-on-yoru-looks-like-eggsterr-na,eggsterr,yoru,,duelist,377.03,8.09,0.613,True
this-is-what-5000-hours-on-yoru-looks-like-eggsterr-na,eggsterr,yoru,,duelist,378.77,7.16,0.429,True
this-is-what-5000-hours-on-yoru-looks-like-eggsterr-na,eggsterr,yoru,,duelist,380.33,31.17,0.56,False
this-is-what-5000-hours-on-yoru-looks-like-eggsterr-na,eggsterr,yoru,,duelist,382.2,6.36,0.46,True
this-is-what-5000-hours-on-yoru-looks-like-eggsterr-na,eggsterr,yoru,,duelist,388.9,5.75,0.484,True
this-is-what-5000-hours-on-yoru-looks-like-eggsterr-na,eggsterr,yoru,,duelist,433.97,12.08,0.627,False
this-is-what-5000-hours-on-yoru-looks-like-eggsterr-na,eggsterr,yoru,,duelist,531.07,1.85,0.537,True
this-is-what-5000-hours-on-yoru-looks-like-eggsterr-na,eggsterr,yoru,,duelist,613.4,1.11,0.528,False
this-is-what-5000-hours-on-yoru-looks-like-eggsterr-na,eggsterr,yoru,,duelist,750.37,3.37,0.601,False
this-is-what-5000-hours-on-yoru-looks-like-eggsterr-na,eggsterr,yoru,,duelist,763.53,0.54,0.466,False
this-is-what-5000-hours-on-yoru-looks-like-eggsterr-na,eggsterr,yoru,,duelist,931.57,6.06,0.408,False
this-is-what-5000-hours-on-yoru-looks-like-eggsterr-na,eggsterr,yoru,,duelist,978.03,1.85,0.704,False
this-is-what-5000-hours-on-yoru-looks-like-eggsterr-na,eggsterr,yoru,,duelist,1157.33,1.74,0.513,False
this-is-what-5000-hours-on-yoru-looks-like-eggsterr-na,eggsterr,yoru,,duelist,1233.57,42.33,0.609,False
this-is-what-5000-hours-on-yoru-looks-like-eggsterr-na,eggsterr,yoru,,duelist,1236.53,18.48,0.769,False
this-is-what-5000-hours-on-yoru-looks-like-eggsterr-na,eggsterr,yoru,,duelist,1248.17,0.41,0.465,False
this-is-what-5000-hours-on-yoru-looks-like-eggsterr-na,eggsterr,yoru,,duelist,1249.7,0.64,0.582,False
this-is-what-5000-hours-on-yoru-looks-like-eggsterr-na,eggsterr,yoru,,duelist,1356.37,20.8,0.747,True
this-is-what-5000-hours-on-yoru-looks-like-eggsterr-na,eggsterr,yoru,,duelist,1529.83,10.41,0.491,False
this-is-what-5000-hours-on-yoru-looks-like-eggsterr-na,eggsterr,yoru,,duelist,1707.37,29.95,0.452,True
this-is-what-5000-hours-on-yoru-looks-like-eggsterr-na,eggsterr,yoru,,duelist,1935.37,13.13,0.753,False
this-is-what-5000-hours-on-yoru-looks-like-eggsterr-na,eggsterr,yoru,,duelist,2544.33,0.75,0.427,False
this-is-what-5000-hours-on-yoru-looks-like-eggsterr-na,eggsterr,yoru,,duelist,2547.87,15.91,0.797,True
this-is-what-5000-hours-on-yoru-looks-like-eggsterr-na,eggsterr,yoru,,duelist,2680.47,9.11,0.758,True
this-is-what-5000-hours-on-yoru-looks-like-eggsterr-na,eggsterr,yoru,,duelist,2686.6,16.03,0.552,False
this-is-what-5000-hours-on-yoru-looks-like-eggsterr-na,eggsterr,yoru,,duelist,2700.03,3.31,0.741,True
this-is-what-5000-hours-on-yoru-looks-like-eggsterr-na,eggsterr,yoru,,duelist,2701.43,2.6,0.618,False
this-is-what-5000-hours-on-yoru-looks-like-eggsterr-na,eggsterr,yoru,,duelist,2703.1,26.24,0.413,False
this-is-what-a-mastered-fade-looks-like-nrg-s0m-radiant-gameplay,s0m,fade,,non-duelist,163.4,13.16,0.538,False
this-is-what-a-mastered-fade-looks-like-nrg-s0m-radiant-gameplay,s0m,fade,,non-duelist,171.07,2.37,0.42,True
this-is-what-a-mastered-fade-looks-like-nrg-s0m-radiant-gameplay,s0m,fade,,non-duelist,246.6,21.16,0.783,False
this-is-what-a-mastered-fade-looks-like-nrg-s0m-radiant-gameplay,s0m,fade,,non-duelist,387.1,3.06,0.834,True
this-is-what-a-mastered-fade-looks-like-nrg-s0m-radiant-gameplay,s0m,fade,,non-duelist,389.97,3.43,0.802,True
this-is-what-a-mastered-fade-looks-like-nrg-s0m-radiant-gameplay,s0m,fade,,non-duelist,390.67,0.75,0.736,True
this-is-what-a-mastered-fade-looks-like-nrg-s0m-radiant-gameplay,s0m,fade,,non-duelist,393.37,9.34,0.416,False
this-is-what-a-mastered-fade-looks-like-nrg-s0m-radiant-gameplay,s0m,fade,,non-duelist,459.3,7.69,0.444,True
this-is-what-a-mastered-fade-looks-like-nrg-s0m-radiant-gameplay,s0m,fade,,non-duelist,621.33,1.69,0.435,False
this-is-what-a-mastered-fade-looks-like-nrg-s0m-radiant-gameplay,s0m,fade,,non-duelist,634.6,0.53,0.445,False
this-is-what-a-mastered-fade-looks-like-nrg-s0m-radiant-gameplay,s0m,fade,,non-duelist,778.83,31.75,0.6,False
this-is-what-a-mastered-fade-looks-like-nrg-s0m-radiant-gameplay,s0m,fade,,non-duelist,797.9,0.34,0.491,True
this-is-what-a-mastered-fade-looks-like-nrg-s0m-radiant-gameplay,s0m,fade,,non-duelist,799.6,0.51,0.47,True
this-is-what-a-mastered-fade-looks-like-nrg-s0m-radiant-gameplay,s0m,fade,,non-duelist,936.33,27.3,0.543,False
this-is-what-a-mastered-fade-looks-like-nrg-s0m-radiant-gameplay,s0m,fade,,non-duelist,1029.7,9.0,0.481,True
this-is-what-a-mastered-fade-looks-like-nrg-s0m-radiant-gameplay,s0m,fade,,non-duelist,1124.7,3.23,0.697,True
this-is-what-a-mastered-fade-looks-like-nrg-s0m-radiant-gameplay,s0m,fade,,non-duelist,1362.13,8.12,0.609,False
this-is-what-a-mastered-fade-looks-like-nrg-s0m-radiant-gameplay,s0m,fade,,non-duelist,1364.83,0.93,0.411,False
this-is-what-a-mastered-fade-looks-like-nrg-s0m-radiant-gameplay,s0m,fade,,non-duelist,1460.1,0.53,0.444,True
this-waylay-entry-is-a-work-of-art-florescent-gameplay,florescent,waylay,,non-duelist,26.7,1.55,0.574,False
this-waylay-entry-is-a-work-of-art-florescent-gameplay,florescent,waylay,,non-duelist,126.33,0.71,0.806,True
this-waylay-entry-is-a-work-of-art-florescent-gameplay,florescent,waylay,,non-duelist,127.53,3.36,0.604,False
this-waylay-entry-is-a-work-of-art-florescent-gameplay,florescent,waylay,,non-duelist,139.07,0.7,0.419,False
this-waylay-entry-is-a-work-of-art-florescent-gameplay,florescent,waylay,,non-duelist,347.03,0.43,0.597,False
this-waylay-entry-is-a-work-of-art-florescent-gameplay,florescent,waylay,,non-duelist,358.3,18.4,0.475,False
this-waylay-entry-is-a-work-of-art-florescent-gameplay,florescent,waylay,,non-duelist,472.1,7.35,0.468,False
this-waylay-entry-is-a-work-of-art-florescent-gameplay,florescent,waylay,,non-duelist,682.37,0.96,0.541,True
this-waylay-entry-is-a-work-of-art-florescent-gameplay,florescent,waylay,,non-duelist,683.2,1.37,0.476,False
this-waylay-entry-is-a-work-of-art-florescent-gameplay,florescent,waylay,,non-duelist,1019.67,8.14,0.798,False
this-waylay-entry-is-a-work-of-art-florescent-gameplay,florescent,waylay,,non-duelist,1129.4,0.48,0.531,True
this-waylay-entry-is-a-work-of-art-florescent-gameplay,florescent,waylay,,non-duelist,1138.3,1.14,0.51,True
this-waylay-entry-is-a-work-of-art-florescent-gameplay,florescent,waylay,,non-duelist,1141.77,3.3,0.585,True
this-waylay-entry-is-a-work-of-art-florescent-gameplay,florescent,waylay,,non-duelist,1212.63,9.6,0.53,True
this-waylay-entry-is-a-work-of-art-florescent-gameplay,florescent,waylay,,non-duelist,1313.43,46.14,0.444,True
this-waylay-entry-is-a-work-of-art-florescent-gameplay,florescent,waylay,,non-duelist,1322.17,1.36,0.668,True
this-waylay-entry-is-a-work-of-art-florescent-gameplay,florescent,waylay,,non-duelist,1476.17,0.25,0.658,False
this-waylay-entry-is-a-work-of-art-florescent-gameplay,florescent,waylay,,non-duelist,1613.93,3.01,0.632,True
this-waylay-entry-is-a-work-of-art-florescent-gameplay,florescent,waylay,,non-duelist,1694.13,3.62,0.418,True
this-waylay-entry-is-a-work-of-art-florescent-gameplay,florescent,waylay,,non-duelist,1803.17,2.78,0.694,True
this-waylay-entry-is-a-work-of-art-florescent-gameplay,florescent,waylay,,non-duelist,1863.57,2.48,0.535,True
this-waylay-entry-is-a-work-of-art-florescent-gameplay,florescent,waylay,,non-duelist,1864.37,3.1,0.752,True
this-waylay-entry-is-a-work-of-art-florescent-gameplay,florescent,waylay,,non-duelist,1953.7,0.4,0.753,False
this-waylay-entry-is-a-work-of-art-florescent-gameplay,florescent,waylay,,non-duelist,1954.67,0.37,0.408,False
tl-nats-pro-player-cypher-masterclass-valorant-ranked-gameplay,nats,cypher,,non-duelist,3.73,6.65,0.427,False
tl-nats-pro-player-cypher-masterclass-valorant-ranked-gameplay,nats,cypher,,non-duelist,11.37,10.31,0.741,True
tl-nats-pro-player-cypher-masterclass-valorant-ranked-gameplay,nats,cypher,,non-duelist,168.6,14.84,0.424,True
tl-nats-pro-player-cypher-masterclass-valorant-ranked-gameplay,nats,cypher,,non-duelist,180.8,0.77,0.503,True
tl-nats-pro-player-cypher-masterclass-valorant-ranked-gameplay,nats,cypher,,non-duelist,189.17,9.2,0.764,False
tl-nats-pro-player-cypher-masterclass-valorant-ranked-gameplay,nats,cypher,,non-duelist,314.6,12.68,0.497,False
tl-nats-pro-player-cypher-masterclass-valorant-ranked-gameplay,nats,cypher,,non-duelist,430.73,2.61,0.741,False
tl-nats-pro-player-cypher-masterclass-valorant-ranked-gameplay,nats,cypher,,non-duelist,434.13,0.58,0.437,False
tl-nats-pro-player-cypher-masterclass-valorant-ranked-gameplay,nats,cypher,,non-duelist,755.63,11.52,0.735,False
tl-nats-pro-player-cypher-masterclass-valorant-ranked-gameplay,nats,cypher,,non-duelist,1008.37,0.69,0.442,False
tl-nats-pro-player-cypher-masterclass-valorant-ranked-gameplay,nats,cypher,,non-duelist,1014.6,4.17,0.569,True
tl-nats-pro-player-cypher-masterclass-valorant-ranked-gameplay,nats,cypher,,non-duelist,1187.43,0.68,0.414,True
tl-nats-pro-player-cypher-masterclass-valorant-ranked-gameplay,nats,cypher,,non-duelist,1224.13,8.11,0.791,False
tl-nats-pro-player-cypher-masterclass-valorant-ranked-gameplay,nats,cypher,,non-duelist,1315.1,0.81,0.413,False
tl-nats-pro-player-cypher-masterclass-valorant-ranked-gameplay,nats,cypher,,non-duelist,1357.77,0.56,0.461,False
tl-nats-pro-player-cypher-masterclass-valorant-ranked-gameplay,nats,cypher,,non-duelist,1546.67,24.99,0.437,False
tl-nats-pro-player-cypher-masterclass-valorant-ranked-gameplay,nats,cypher,,non-duelist,1773.83,4.08,0.531,False
tl-nats-pro-player-cypher-masterclass-valorant-ranked-gameplay,nats,cypher,,non-duelist,1775.07,7.35,0.456,False
tl-nats-s-viper-insane-valorant-ranked-gameplay,nats,viper,,non-duelist,121.23,0.46,0.444,False
tl-nats-s-viper-insane-valorant-ranked-gameplay,nats,viper,,non-duelist,140.57,0.67,0.406,True
tl-nats-s-viper-insane-valorant-ranked-gameplay,nats,viper,,non-duelist,325.8,7.7,0.449,True
tl-nats-s-viper-insane-valorant-ranked-gameplay,nats,viper,,non-duelist,326.97,2.18,0.433,True
tl-nats-s-viper-insane-valorant-ranked-gameplay,nats,viper,,non-duelist,346.5,1.97,0.538,True
tl-nats-s-viper-insane-valorant-ranked-gameplay,nats,viper,,non-duelist,365.03,1.2,0.558,True
tl-nats-s-viper-insane-valorant-ranked-gameplay,nats,viper,,non-duelist,734.03,1.24,0.579,True
tl-nats-s-viper-insane-valorant-ranked-gameplay,nats,viper,,non-duelist,807.03,7.16,0.618,False
tl-nats-s-viper-insane-valorant-ranked-gameplay,nats,viper,,non-duelist,1014.23,9.05,0.54,False
tl-nats-s-viper-insane-valorant-ranked-gameplay,nats,viper,,non-duelist,1038.77,7.29,0.486,False
tl-nats-s-viper-insane-valorant-ranked-gameplay,nats,viper,,non-duelist,1112.53,0.67,0.421,False
tl-nats-s-viper-insane-valorant-ranked-gameplay,nats,viper,,non-duelist,1175.73,1.62,0.477,False
tl-nats-s-viper-insane-valorant-ranked-gameplay,nats,viper,,non-duelist,1367.03,3.45,0.582,False
tl-nats-s-viper-insane-valorant-ranked-gameplay,nats,viper,,non-duelist,1380.53,1.21,0.403,True
tl-nats-s-viper-insane-valorant-ranked-gameplay,nats,viper,,non-duelist,1413.53,3.06,0.539,True
tl-nats-s-viper-insane-valorant-ranked-gameplay,nats,viper,,non-duelist,1415.6,1.8,0.472,False
tl-nats-s-viper-insane-valorant-ranked-gameplay,nats,viper,,non-duelist,1578.33,3.04,0.422,True
tl-nats-s-viper-insane-valorant-ranked-gameplay,nats,viper,,non-duelist,1666.63,5.91,0.544,True
tl-nats-shows-how-to-be-insane-viper-valorant-gameplay-full-match-vod,nats,viper,,non-duelist,97.5,0.72,0.553,True
tl-nats-shows-how-to-be-insane-viper-valorant-gameplay-full-match-vod,nats,viper,,non-duelist,419.63,0.24,0.482,True
tl-nats-shows-how-to-be-insane-viper-valorant-gameplay-full-match-vod,nats,viper,,non-duelist,435.9,10.9,0.442,False
tl-nats-shows-how-to-be-insane-viper-valorant-gameplay-full-match-vod,nats,viper,,non-duelist,559.13,8.04,0.675,False
tl-nats-shows-how-to-be-insane-viper-valorant-gameplay-full-match-vod,nats,viper,,non-duelist,733.1,4.97,0.474,False
tl-nats-shows-how-to-be-insane-viper-valorant-gameplay-full-match-vod,nats,viper,,non-duelist,793.07,1.22,0.421,False
tl-nats-shows-how-to-be-insane-viper-valorant-gameplay-full-match-vod,nats,viper,,non-duelist,809.17,6.02,0.478,True
tl-nats-shows-how-to-be-insane-viper-valorant-gameplay-full-match-vod,nats,viper,,non-duelist,919.27,2.34,0.555,True
tl-nats-shows-how-to-be-insane-viper-valorant-gameplay-full-match-vod,nats,viper,,non-duelist,972.27,9.25,0.544,True
tl-nats-shows-how-to-be-insane-viper-valorant-gameplay-full-match-vod,nats,viper,,non-duelist,983.43,2.67,0.739,False
tl-nats-shows-how-to-be-insane-viper-valorant-gameplay-full-match-vod,nats,viper,,non-duelist,1065.7,2.91,0.561,True
tl-nats-shows-how-to-be-insane-viper-valorant-gameplay-full-match-vod,nats,viper,,non-duelist,1175.43,15.85,0.594,False
tl-nats-shows-how-to-be-insane-viper-valorant-gameplay-full-match-vod,nats,viper,,non-duelist,1179.77,16.46,0.427,False
tl-nats-shows-how-to-be-insane-viper-valorant-gameplay-full-match-vod,nats,viper,,non-duelist,1833.5,2.08,0.428,False
tl-nats-shows-how-to-be-insane-viper-valorant-gameplay-full-match-vod,nats,viper,,non-duelist,1892.1,7.44,0.656,True
tl-nats-the-cypher-masterclass-with-33-kills-mvp,nats,cypher,,non-duelist,72.73,0.48,0.48,False
tl-nats-the-cypher-masterclass-with-33-kills-mvp,nats,cypher,,non-duelist,141.23,14.71,0.636,True
tl-nats-the-cypher-masterclass-with-33-kills-mvp,nats,cypher,,non-duelist,143.23,1.64,0.567,True
tl-nats-the-cypher-masterclass-with-33-kills-mvp,nats,cypher,,non-duelist,144.43,0.74,0.402,False
tl-nats-the-cypher-masterclass-with-33-kills-mvp,nats,cypher,,non-duelist,265.57,0.95,0.483,False
tl-nats-the-cypher-masterclass-with-33-kills-mvp,nats,cypher,,non-duelist,273.63,7.99,0.422,True
tl-nats-the-cypher-masterclass-with-33-kills-mvp,nats,cypher,,non-duelist,538.87,0.77,0.531,True
tl-nats-the-cypher-masterclass-with-33-kills-mvp,nats,cypher,,non-duelist,628.17,0.31,0.483,True
tl-nats-the-cypher-masterclass-with-33-kills-mvp,nats,cypher,,non-duelist,723.03,0.74,0.563,False
tl-nats-the-cypher-masterclass-with-33-kills-mvp,nats,cypher,,non-duelist,1000.8,20.9,0.512,False
tl-nats-the-cypher-masterclass-with-33-kills-mvp,nats,cypher,,non-duelist,1060.33,3.42,0.566,True
tl-nats-the-cypher-masterclass-with-33-kills-mvp,nats,cypher,,non-duelist,1062.97,0.33,0.458,False
tl-nats-the-cypher-masterclass-with-33-kills-mvp,nats,cypher,,non-duelist,1256.17,7.98,0.471,False
tl-nats-the-cypher-masterclass-with-33-kills-mvp,nats,cypher,,non-duelist,1262.03,0.7,0.458,False
tl-nats-the-cypher-masterclass-with-33-kills-mvp,nats,cypher,,non-duelist,1301.23,37.93,0.667,False
tl-nats-the-cypher-masterclass-with-33-kills-mvp,nats,cypher,,non-duelist,1323.2,27.39,0.718,True
tl-nats-the-cypher-masterclass-with-33-kills-mvp,nats,cypher,,non-duelist,1364.3,0.75,0.546,False
tl-nats-the-cypher-masterclass-with-33-kills-mvp,nats,cypher,,non-duelist,1573.93,2.96,0.603,False
tl-nats-the-cypher-masterclass-with-33-kills-mvp,nats,cypher,,non-duelist,1582.03,23.73,0.406,False
tl-nats-the-cypher-masterclass-with-33-kills-mvp,nats,cypher,,non-duelist,1665.53,3.61,0.72,True
tl-nats-the-cypher-masterclass-with-33-kills-mvp,nats,cypher,,non-duelist,1812.0,2.8,0.469,True
tl-nats-the-cypher-masterclass-with-33-kills-mvp,nats,cypher,,non-duelist,1813.97,46.52,0.741,False
tl-nats-the-cypher-masterclass-with-33-kills-mvp,nats,cypher,,non-duelist,1821.0,2.26,0.511,False
tl-nats-the-cypher-masterclass-with-33-kills-mvp,nats,cypher,,non-duelist,1862.5,1.16,0.407,False
tl-nats-the-cypher-masterclass-with-33-kills-mvp,nats,cypher,,non-duelist,1863.4,3.96,0.435,False
tl-nats-the-cypher-masterclass-with-33-kills-mvp,nats,cypher,,non-duelist,1874.93,34.52,0.49,False
tl-nats-the-cypher-masterclass-with-33-kills-mvp,nats,cypher,,non-duelist,1962.67,0.95,0.493,False
tl-nats-the-cypher-masterclass-with-33-kills-mvp,nats,cypher,,non-duelist,2027.87,3.04,0.802,False
tl-nats-the-cypher-masterclass-with-33-kills-mvp,nats,cypher,,non-duelist,2038.7,0.93,0.489,False
tl-nats-the-cypher-masterclass-with-33-kills-mvp,nats,cypher,,non-duelist,2111.07,9.41,0.68,True
tl-nats-the-cypher-masterclass-with-33-kills-mvp,nats,cypher,,non-duelist,2263.0,20.61,0.552,False
tl-nats-the-cypher-masterclass-with-33-kills-mvp,nats,cypher,,non-duelist,2343.83,2.32,0.441,False
tl-nats-the-cypher-masterclass-with-33-kills-mvp,nats,cypher,,non-duelist,2449.13,7.72,0.437,True
tl-nats-the-cypher-masterclass-with-33-kills-mvp,nats,cypher,,non-duelist,2449.93,17.58,0.653,True
tl-nats-the-cypher-masterclass-with-33-kills-mvp,nats,cypher,,non-duelist,2528.63,3.34,0.622,False
tl-nats-the-cypher-masterclass-with-33-kills-mvp,nats,cypher,,non-duelist,2544.53,0.31,0.442,False
top-0-1-aim-florescent-na-mvp-raze-valorant-radiant-gameplay,florescent,raze,,duelist,260.87,0.24,0.419,False
top-0-1-aim-florescent-na-mvp-raze-valorant-radiant-gameplay,florescent,raze,,duelist,328.23,1.28,0.502,False
top-0-1-aim-florescent-na-mvp-raze-valorant-radiant-gameplay,florescent,raze,,duelist,396.07,5.56,0.586,False
top-0-1-aim-florescent-na-mvp-raze-valorant-radiant-gameplay,florescent,raze,,duelist,503.57,7.56,0.681,False
top-0-1-aim-florescent-na-mvp-raze-valorant-radiant-gameplay,florescent,raze,,duelist,509.07,26.67,0.402,False
top-0-1-aim-florescent-na-mvp-raze-valorant-radiant-gameplay,florescent,raze,,duelist,513.07,0.39,0.696,False
top-0-1-aim-florescent-na-mvp-raze-valorant-radiant-gameplay,florescent,raze,,duelist,593.9,4.33,0.503,False
top-0-1-aim-florescent-na-mvp-raze-valorant-radiant-gameplay,florescent,raze,,duelist,646.7,5.28,0.448,False
top-0-1-aim-florescent-na-mvp-raze-valorant-radiant-gameplay,florescent,raze,,duelist,833.03,3.09,0.752,False
top-0-1-aim-florescent-na-mvp-raze-valorant-radiant-gameplay,florescent,raze,,duelist,968.1,0.49,0.658,False
top-0-1-aim-florescent-na-mvp-raze-valorant-radiant-gameplay,florescent,raze,,duelist,1008.13,4.7,0.569,False
top-0-1-aim-florescent-na-mvp-raze-valorant-radiant-gameplay,florescent,raze,,duelist,1201.67,8.35,0.681,False
top-0-1-aim-florescent-na-mvp-raze-valorant-radiant-gameplay,florescent,raze,,duelist,1203.67,8.74,0.439,False
top-0-1-aim-florescent-na-mvp-raze-valorant-radiant-gameplay,florescent,raze,,duelist,1257.13,23.99,0.781,False
top-0-1-aim-florescent-na-mvp-raze-valorant-radiant-gameplay,florescent,raze,,duelist,1267.57,9.15,0.649,False
top-0-1-aim-florescent-na-mvp-raze-valorant-radiant-gameplay,florescent,raze,,duelist,1276.27,2.22,0.752,False
top-0-1-aim-florescent-na-mvp-raze-valorant-radiant-gameplay,florescent,raze,,duelist,1281.77,6.59,0.712,False
top-0-1-aim-florescent-na-mvp-raze-valorant-radiant-gameplay,florescent,raze,,duelist,1296.7,42.51,0.42,False
top-0-1-aim-florescent-na-mvp-raze-valorant-radiant-gameplay,florescent,raze,,duelist,1340.47,20.3,0.706,False
top-0-1-aim-florescent-na-mvp-raze-valorant-radiant-gameplay,florescent,raze,,duelist,1353.43,13.02,0.422,False
top-0-1-aim-florescent-na-mvp-raze-valorant-radiant-gameplay,florescent,raze,,duelist,1358.5,1.78,0.653,False
top-0-1-aim-florescent-na-mvp-raze-valorant-radiant-gameplay,florescent,raze,,duelist,1378.93,0.4,0.546,False
top-0-1-aim-florescent-na-mvp-raze-valorant-radiant-gameplay,florescent,raze,,duelist,1381.5,17.22,0.597,False
top-0-1-aim-florescent-na-mvp-raze-valorant-radiant-gameplay,florescent,raze,,duelist,1383.3,11.59,0.493,False
top-0-1-aim-florescent-na-mvp-raze-valorant-radiant-gameplay,florescent,raze,,duelist,1467.57,0.57,0.462,False
top-0-1-aim-florescent-na-mvp-raze-valorant-radiant-gameplay,florescent,raze,,duelist,1543.47,14.93,0.54,False
top-0-1-aim-florescent-na-mvp-raze-valorant-radiant-gameplay,florescent,raze,,duelist,1549.87,1.52,0.66,True
top-0-1-aim-florescent-na-mvp-raze-valorant-radiant-gameplay,florescent,raze,,duelist,1749.87,31.66,0.408,False
top-0-1-aim-florescent-na-mvp-raze-valorant-radiant-gameplay,florescent,raze,,duelist,1771.87,0.47,0.514,False
top-0-1-aim-florescent-na-mvp-raze-valorant-radiant-gameplay,florescent,raze,,duelist,1918.7,8.88,0.555,False
top-0-1-aim-florescent-na-mvp-raze-valorant-radiant-gameplay,florescent,raze,,duelist,1919.27,1.89,0.6,False
top-0-1-aim-florescent-na-mvp-raze-valorant-radiant-gameplay,florescent,raze,,duelist,1942.13,25.42,0.792,False
top-0-1-aim-florescent-na-mvp-raze-valorant-radiant-gameplay,florescent,raze,,duelist,2029.63,15.64,0.602,False
top-0-1-aim-florescent-na-mvp-raze-valorant-radiant-gameplay,florescent,raze,,duelist,2150.73,4.63,0.453,True
top-0-1-aim-florescent-na-mvp-raze-valorant-radiant-gameplay,florescent,raze,,duelist,2160.13,0.63,0.479,False
top-0-1-aim-florescent-na-mvp-raze-valorant-radiant-gameplay,florescent,raze,,duelist,2165.93,4.85,0.598,False
top-0-1-aim-florescent-na-mvp-raze-valorant-radiant-gameplay,florescent,raze,,duelist,2168.9,4.82,0.712,False
unstoppable-cryo-s-mvp-clove-masterclass-100-thieves,cryo,clove,,non-duelist,12.87,1.08,0.547,True
unstoppable-cryo-s-mvp-clove-masterclass-100-thieves,cryo,clove,,non-duelist,30.57,0.37,0.426,True
unstoppable-cryo-s-mvp-clove-masterclass-100-thieves,cryo,clove,,non-duelist,553.23,1.26,0.508,False
unstoppable-cryo-s-mvp-clove-masterclass-100-thieves,cryo,clove,,non-duelist,715.7,1.58,0.583,False
unstoppable-cryo-s-mvp-clove-masterclass-100-thieves,cryo,clove,,non-duelist,746.2,2.5,0.452,False
unstoppable-cryo-s-mvp-clove-masterclass-100-thieves,cryo,clove,,non-duelist,887.7,1.63,0.487,False
unstoppable-cryo-s-mvp-clove-masterclass-100-thieves,cryo,clove,,non-duelist,1386.7,2.81,0.451,False
unstoppable-cryo-s-mvp-clove-masterclass-100-thieves,cryo,clove,,non-duelist,1473.43,3.04,0.647,False
unstoppable-cryo-s-mvp-clove-masterclass-100-thieves,cryo,clove,,non-duelist,1631.83,0.48,0.65,False
unstoppable-cryo-s-mvp-clove-masterclass-100-thieves,cryo,clove,,non-duelist,1645.2,3.03,0.526,False
vyse-is-insane-on-the-lotus-map-nrg-s0m-vyse-valorant-ranked-gameplay,s0m,vyse,lotus,non-duelist,718.33,1.01,0.536,False
vyse-is-insane-on-the-lotus-map-nrg-s0m-vyse-valorant-ranked-gameplay,s0m,vyse,lotus,non-duelist,726.9,2.3,0.771,False
vyse-is-insane-on-the-lotus-map-nrg-s0m-vyse-valorant-ranked-gameplay,s0m,vyse,lotus,non-duelist,797.47,0.9,0.465,False
vyse-is-insane-on-the-lotus-map-nrg-s0m-vyse-valorant-ranked-gameplay,s0m,vyse,lotus,non-duelist,918.4,1.07,0.631,False
vyse-is-insane-on-the-lotus-map-nrg-s0m-vyse-valorant-ranked-gameplay,s0m,vyse,lotus,non-duelist,1084.4,32.43,0.785,True
vyse-is-insane-on-the-lotus-map-nrg-s0m-vyse-valorant-ranked-gameplay,s0m,vyse,lotus,non-duelist,1219.3,2.92,0.45,False
vyse-is-insane-on-the-lotus-map-nrg-s0m-vyse-valorant-ranked-gameplay,s0m,vyse,lotus,non-duelist,1672.57,1.23,0.495,False
what-a-champion-controller-does-nrg-s0m-clove-mvp-gameplay,s0m,clove,,non-duelist,18.47,2.27,0.485,True
what-a-champion-controller-does-nrg-s0m-clove-mvp-gameplay,s0m,clove,,non-duelist,260.87,7.11,0.568,True
what-a-champion-controller-does-nrg-s0m-clove-mvp-gameplay,s0m,clove,,non-duelist,262.3,1.76,0.642,True
what-a-champion-controller-does-nrg-s0m-clove-mvp-gameplay,s0m,clove,,non-duelist,322.47,9.0,0.718,False
what-a-champion-controller-does-nrg-s0m-clove-mvp-gameplay,s0m,clove,,non-duelist,396.6,2.63,0.516,True
what-a-champion-controller-does-nrg-s0m-clove-mvp-gameplay,s0m,clove,,non-duelist,615.37,1.67,0.415,False
what-a-champion-controller-does-nrg-s0m-clove-mvp-gameplay,s0m,clove,,non-duelist,658.97,0.81,0.727,True
what-a-champion-controller-does-nrg-s0m-clove-mvp-gameplay,s0m,clove,,non-duelist,660.27,6.56,0.754,False
what-a-champion-controller-does-nrg-s0m-clove-mvp-gameplay,s0m,clove,,non-duelist,748.8,2.19,0.498,True
what-a-champion-controller-does-nrg-s0m-clove-mvp-gameplay,s0m,clove,,non-duelist,834.97,11.13,0.612,False
what-a-champion-controller-does-nrg-s0m-clove-mvp-gameplay,s0m,clove,,non-duelist,837.43,5.01,0.49,False
what-a-champion-controller-does-nrg-s0m-clove-mvp-gameplay,s0m,clove,,non-duelist,851.67,0.42,0.608,False
what-a-champion-controller-does-nrg-s0m-clove-mvp-gameplay,s0m,clove,,non-duelist,948.2,5.01,0.812,True
what-a-champion-controller-does-nrg-s0m-clove-mvp-gameplay,s0m,clove,,non-duelist,1102.43,2.1,0.68,False
what-a-champion-controller-does-nrg-s0m-clove-mvp-gameplay,s0m,clove,,non-duelist,1185.63,0.97,0.445,False
what-a-champion-controller-does-nrg-s0m-clove-mvp-gameplay,s0m,clove,,non-duelist,1211.97,9.45,0.521,False
what-a-champion-controller-does-nrg-s0m-clove-mvp-gameplay,s0m,clove,,non-duelist,1337.9,6.82,0.799,False
what-a-champion-controller-does-nrg-s0m-clove-mvp-gameplay,s0m,clove,,non-duelist,1551.63,0.44,0.688,False
what-fast-aim-looks-like-envy-demon1-yoru-ranked-gameplay,demon1,yoru,,duelist,111.57,4.12,0.646,False
what-fast-aim-looks-like-envy-demon1-yoru-ranked-gameplay,demon1,yoru,,duelist,116.2,1.91,0.742,False
what-fast-aim-looks-like-envy-demon1-yoru-ranked-gameplay,demon1,yoru,,duelist,123.73,1.44,0.511,False
what-fast-aim-looks-like-envy-demon1-yoru-ranked-gameplay,demon1,yoru,,duelist,169.43,16.9,0.724,False
what-fast-aim-looks-like-envy-demon1-yoru-ranked-gameplay,demon1,yoru,,duelist,247.47,1.54,0.502,True
what-fast-aim-looks-like-envy-demon1-yoru-ranked-gameplay,demon1,yoru,,duelist,257.23,0.45,0.418,True
what-fast-aim-looks-like-envy-demon1-yoru-ranked-gameplay,demon1,yoru,,duelist,264.5,0.83,0.42,True
what-fast-aim-looks-like-envy-demon1-yoru-ranked-gameplay,demon1,yoru,,duelist,359.27,27.13,0.503,False
what-fast-aim-looks-like-envy-demon1-yoru-ranked-gameplay,demon1,yoru,,duelist,362.23,15.79,0.418,False
what-fast-aim-looks-like-envy-demon1-yoru-ranked-gameplay,demon1,yoru,,duelist,365.97,1.18,0.549,False
what-fast-aim-looks-like-envy-demon1-yoru-ranked-gameplay,demon1,yoru,,duelist,449.9,4.19,0.446,True
what-fast-aim-looks-like-envy-demon1-yoru-ranked-gameplay,demon1,yoru,,duelist,455.27,1.87,0.681,True
what-fast-aim-looks-like-envy-demon1-yoru-ranked-gameplay,demon1,yoru,,duelist,516.57,0.88,0.707,True
what-fast-aim-looks-like-envy-demon1-yoru-ranked-gameplay,demon1,yoru,,duelist,694.53,10.23,0.521,False
what-fast-aim-looks-like-envy-demon1-yoru-ranked-gameplay,demon1,yoru,,duelist,850.77,0.62,0.423,False
what-fast-aim-looks-like-envy-demon1-yoru-ranked-gameplay,demon1,yoru,,duelist,1030.23,0.35,0.413,False
what-fast-aim-looks-like-envy-demon1-yoru-ranked-gameplay,demon1,yoru,,duelist,1030.8,0.51,0.447,False
what-fast-aim-looks-like-envy-demon1-yoru-ranked-gameplay,demon1,yoru,,duelist,1088.17,34.4,0.691,False
what-fast-aim-looks-like-envy-demon1-yoru-ranked-gameplay,demon1,yoru,,duelist,1089.33,29.25,0.534,False
what-fast-aim-looks-like-envy-demon1-yoru-ranked-gameplay,demon1,yoru,,duelist,1097.6,1.55,0.465,True
what-fast-aim-looks-like-envy-demon1-yoru-ranked-gameplay,demon1,yoru,,duelist,1098.5,30.37,0.413,True
what-fast-aim-looks-like-envy-demon1-yoru-ranked-gameplay,demon1,yoru,,duelist,1099.73,0.88,0.411,True
what-fast-aim-looks-like-envy-demon1-yoru-ranked-gameplay,demon1,yoru,,duelist,1338.23,2.85,0.492,True
what-fast-aim-looks-like-envy-demon1-yoru-ranked-gameplay,demon1,yoru,,duelist,1387.93,32.95,0.466,False
what-fast-aim-looks-like-envy-demon1-yoru-ranked-gameplay,demon1,yoru,,duelist,1481.97,4.79,0.517,False
what-fast-aim-looks-like-envy-demon1-yoru-ranked-gameplay,demon1,yoru,,duelist,1598.27,0.33,0.441,True
what-fast-aim-looks-like-envy-demon1-yoru-ranked-gameplay,demon1,yoru,,duelist,1599.7,0.51,0.617,True
what-fast-aim-looks-like-envy-demon1-yoru-ranked-gameplay,demon1,yoru,,duelist,1663.9,3.2,0.594,True
what-fast-aim-looks-like-envy-demon1-yoru-ranked-gameplay,demon1,yoru,,duelist,1765.37,2.02,0.531,True
what-fast-aim-looks-like-envy-demon1-yoru-ranked-gameplay,demon1,yoru,,duelist,1769.67,1.97,0.698,True
what-fast-aim-looks-like-envy-demon1-yoru-ranked-gameplay,demon1,yoru,,duelist,1814.5,0.28,0.45,True
what-fast-aim-looks-like-envy-demon1-yoru-ranked-gameplay,demon1,yoru,,duelist,1826.9,0.66,0.428,True
yoru-but-with-oxy-s-aim-terrifying-ranked-gameplay,oxy,yoru,,duelist,44.33,13.66,0.479,False
yoru-but-with-oxy-s-aim-terrifying-ranked-gameplay,oxy,yoru,,duelist,108.23,1.01,0.632,False
yoru-but-with-oxy-s-aim-terrifying-ranked-gameplay,oxy,yoru,,duelist,110.13,6.12,0.456,False
yoru-but-with-oxy-s-aim-terrifying-ranked-gameplay,oxy,yoru,,duelist,115.53,0.78,0.586,False
yoru-but-with-oxy-s-aim-terrifying-ranked-gameplay,oxy,yoru,,duelist,310.03,10.16,0.52,False
yoru-but-with-oxy-s-aim-terrifying-ranked-gameplay,oxy,yoru,,duelist,366.03,0.41,0.538,True
yoru-but-with-oxy-s-aim-terrifying-ranked-gameplay,oxy,yoru,,duelist,402.93,0.82,0.555,False
yoru-but-with-oxy-s-aim-terrifying-ranked-gameplay,oxy,yoru,,duelist,405.77,1.86,0.423,False
yoru-but-with-oxy-s-aim-terrifying-ranked-gameplay,oxy,yoru,,duelist,410.77,50.47,0.572,False
yoru-but-with-oxy-s-aim-terrifying-ranked-gameplay,oxy,yoru,,duelist,412.43,19.45,0.595,False
yoru-but-with-oxy-s-aim-terrifying-ranked-gameplay,oxy,yoru,,duelist,487.23,2.05,0.467,False
yoru-but-with-oxy-s-aim-terrifying-ranked-gameplay,oxy,yoru,,duelist,653.77,43.9,0.641,False
yoru-but-with-oxy-s-aim-terrifying-ranked-gameplay,oxy,yoru,,duelist,655.2,1.09,0.542,True
yoru-but-with-oxy-s-aim-terrifying-ranked-gameplay,oxy,yoru,,duelist,657.07,2.77,0.534,True
yoru-but-with-oxy-s-aim-terrifying-ranked-gameplay,oxy,yoru,,duelist,658.0,5.43,0.509,True
yoru-but-with-oxy-s-aim-terrifying-ranked-gameplay,oxy,yoru,,duelist,662.47,1.08,0.438,False
yoru-but-with-oxy-s-aim-terrifying-ranked-gameplay,oxy,yoru,,duelist,666.53,0.81,0.624,False
yoru-but-with-oxy-s-aim-terrifying-ranked-gameplay,oxy,yoru,,duelist,765.23,0.94,0.452,False
yoru-but-with-oxy-s-aim-terrifying-ranked-gameplay,oxy,yoru,,duelist,768.13,1.22,0.583,False
yoru-but-with-oxy-s-aim-terrifying-ranked-gameplay,oxy,yoru,,duelist,818.03,5.87,0.61,False
yoru-but-with-oxy-s-aim-terrifying-ranked-gameplay,oxy,yoru,,duelist,909.73,7.49,0.838,False
yoru-but-with-oxy-s-aim-terrifying-ranked-gameplay,oxy,yoru,,duelist,985.47,1.06,0.544,False
yoru-but-with-oxy-s-aim-terrifying-ranked-gameplay,oxy,yoru,,duelist,993.93,2.14,0.474,True
yoru-but-with-oxy-s-aim-terrifying-ranked-gameplay,oxy,yoru,,duelist,1161.3,1.23,0.543,False
yoru-but-with-oxy-s-aim-terrifying-ranked-gameplay,oxy,yoru,,duelist,1170.93,4.07,0.533,False
yoru-but-with-oxy-s-aim-terrifying-ranked-gameplay,oxy,yoru,,duelist,1173.3,1.18,0.637,False
yoru-but-with-oxy-s-aim-terrifying-ranked-gameplay,oxy,yoru,,duelist,1221.5,18.93,0.636,True
yoru-but-with-oxy-s-aim-terrifying-ranked-gameplay,oxy,yoru,,duelist,1293.73,3.44,0.462,False
yoru-but-with-oxy-s-aim-terrifying-ranked-gameplay,oxy,yoru,,duelist,1325.53,0.4,0.626,False
yoru-but-with-oxy-s-aim-terrifying-ranked-gameplay,oxy,yoru,,duelist,1509.5,8.5,0.4,False
yoru-but-with-oxy-s-aim-terrifying-ranked-gameplay,oxy,yoru,,duelist,1564.1,0.76,0.503,False
yoru-but-with-oxy-s-aim-terrifying-ranked-gameplay,oxy,yoru,,duelist,1637.33,2.6,0.565,False
yoru-but-with-oxy-s-aim-terrifying-ranked-gameplay,oxy,yoru,,duelist,1640.17,7.7,0.71,False
yoru-but-with-oxy-s-aim-terrifying-ranked-gameplay,oxy,yoru,,duelist,1646.67,6.24,0.47,False
yoru-but-with-oxy-s-aim-terrifying-ranked-gameplay,oxy,yoru,,duelist,1695.67,4.29,0.502,False
yoru-but-with-oxy-s-aim-terrifying-ranked-gameplay,oxy,yoru,,duelist,1776.63,6.46,0.421,False
yoru-but-with-oxy-s-aim-terrifying-ranked-gameplay,oxy,yoru,,duelist,1784.93,2.44,0.714,False
yoru-but-with-oxy-s-aim-terrifying-ranked-gameplay,oxy,yoru,,duelist,1899.0,1.54,0.415,False
yoru-but-with-oxy-s-aim-terrifying-ranked-gameplay,oxy,yoru,,duelist,1926.33,2.22,0.468,False
yoru-but-with-oxy-s-aim-terrifying-ranked-gameplay,oxy,yoru,,duelist,1993.4,1.99,0.58,True
yoru-but-with-oxy-s-aim-terrifying-ranked-gameplay,oxy,yoru,,duelist,2080.63,0.87,0.477,False
zekken-s-clove-is-an-unkillable-duelist-controller-valorant-gameplay,zekken,clove,,non-duelist,22.77,6.51,0.781,False
zekken-s-clove-is-an-unkillable-duelist-controller-valorant-gameplay,zekken,clove,,non-duelist,52.9,10.56,0.544,True
zekken-s-clove-is-an-unkillable-duelist-controller-valorant-gameplay,zekken,clove,,non-duelist,112.4,6.0,0.735,False
zekken-s-clove-is-an-unkillable-duelist-controller-valorant-gameplay,zekken,clove,,non-duelist,119.83,8.83,0.701,False
zekken-s-clove-is-an-unkillable-duelist-controller-valorant-gameplay,zekken,clove,,non-duelist,163.87,5.46,0.517,True
zekken-s-clove-is-an-unkillable-duelist-controller-valorant-gameplay,zekken,clove,,non-duelist,248.1,0.4,0.461,True
zekken-s-clove-is-an-unkillable-duelist-controller-valorant-gameplay,zekken,clove,,non-duelist,312.37,0.85,0.571,True
zekken-s-clove-is-an-unkillable-duelist-controller-valorant-gameplay,zekken,clove,,non-duelist,544.8,5.55,0.486,False
zekken-s-clove-is-an-unkillable-duelist-controller-valorant-gameplay,zekken,clove,,non-duelist,553.67,17.61,0.776,False
zekken-s-clove-is-an-unkillable-duelist-controller-valorant-gameplay,zekken,clove,,non-duelist,600.13,6.46,0.402,True
zekken-s-clove-is-an-unkillable-duelist-controller-valorant-gameplay,zekken,clove,,non-duelist,672.67,0.89,0.428,False
zekken-s-clove-is-an-unkillable-duelist-controller-valorant-gameplay,zekken,clove,,non-duelist,737.2,6.06,0.617,True
zekken-s-clove-is-an-unkillable-duelist-controller-valorant-gameplay,zekken,clove,,non-duelist,782.0,24.02,0.536,False
zekken-s-clove-is-an-unkillable-duelist-controller-valorant-gameplay,zekken,clove,,non-duelist,796.03,2.92,0.539,False
zekken-s-clove-is-an-unkillable-duelist-controller-valorant-gameplay,zekken,clove,,non-duelist,916.37,1.44,0.451,True
zekken-s-clove-is-an-unkillable-duelist-controller-valorant-gameplay,zekken,clove,,non-duelist,922.73,0.28,0.534,False
zekken-s-clove-is-an-unkillable-duelist-controller-valorant-gameplay,zekken,clove,,non-duelist,982.27,2.31,0.517,True
zekken-s-clove-is-an-unkillable-duelist-controller-valorant-gameplay,zekken,clove,,non-duelist,1084.03,1.93,0.573,True
zekken-s-clove-is-an-unkillable-duelist-controller-valorant-gameplay,zekken,clove,,non-duelist,1164.13,1.65,0.791,True
zekken-s-clove-is-an-unkillable-duelist-controller-valorant-gameplay,zekken,clove,,non-duelist,1745.57,2.51,0.751,True
zekken-s-clove-is-an-unkillable-duelist-controller-valorant-gameplay,zekken,clove,,non-duelist,1748.47,38.01,0.674,False
zekken-s-clove-is-an-unkillable-duelist-controller-valorant-gameplay,zekken,clove,,non-duelist,1749.73,6.61,0.653,True
zekken-s-clove-is-an-unkillable-duelist-controller-valorant-gameplay,zekken,clove,,non-duelist,1888.47,6.51,0.519,False
